,price,totsp,livesp,kitsp,dist,metrdist,walk,brick,floor,code
0,81,58,40,6.0,12.5,7,1,1,1,3
1,75,44,28,6.0,13.5,7,1,0,1,6
2,128,70,42,6.0,14.5,3,1,1,1,3
3,95,61,37,6.0,13.5,7,1,0,1,1
4,330,104,60,11.0,10.5,7,0,1,1,3
5,137,76,50,9.0,11.0,7,1,1,1,8
6,98,59,39,6.0,7.5,10,0,0,1,8
7,88,55,36,6.0,9.0,5,1,1,0,4
8,225,80,56,9.0,9.0,5,1,1,1,3
9,140,86,51,10.0,12.7,10,1,0,1,5
10,132,96,56,12.0,10.5,7,0,0,1,3
11,115,77,50,9.0,3.5,7,1,0,0,7
12,142,70,47,8.0,7.5,5,1,0,1,3
13,84,63,44,7.0,14.5,10,0,0,1,3
14,100,66,43,7.0,12.0,7,0,0,1,7
15,110,75,50,10.0,13.5,10,0,0,1,6
16,170,87,58,8.0,7.5,7,1,1,1,3
17,175,79,50,9.0,4.5,1,1,1,0,8
18,96,60,43,6.0,12.0,15,1,0,1,7
19,110,85,54,10.0,6.0,10,0,1,1,6
20,170,84,55,11.0,3.0,15,1,1,0,1
21,125,62,40,8.0,12.5,5,1,0,1,2
22,135,72,51,8.0,9.0,5,1,1,1,3
23,95,58,38,6.0,12.0,8,1,0,1,1
24,148,92,61,10.0,10.5,15,1,1,1,7
25,56,68,43,7.0,13.5,10,0,1,1,6
26,135,82,46,13.0,12.0,5,1,0,1,5
27,130,73,52,7.0,11.0,5,1,1,1,8
28,72,49,34,6.0,7.0,10,0,0,1,5
29,127,85,46,14.0,12.0,7,1,1,1,5
30,140,65,44,8.0,4.5,5,1,0,1,8
31,112,73,51,8.0,10.5,7,0,1,1,3
32,120,83,56,10.0,12.0,15,1,1,1,5
33,130,70,47,8.0,9.0,5,1,0,1,4
34,110,75,43,10.0,12.7,5,1,0,1,5
35,450,125,80,20.0,9.0,3,1,0,1,4
36,159,81,56,8.0,7.5,15,1,1,0,8
37,120,77,47,12.0,13.5,10,1,0,1,1
38,132,77,41,10.0,10.0,7,0,0,1,6
39,169,68,40,8.0,3.0,5,1,1,1,1
40,185,75,47,9.0,3.0,3,1,1,0,1
41,92,61,33,7.0,10.5,10,1,1,0,7
42,88,60,43,6.0,12.0,5,0,0,0,7
43,90,58,43,6.0,13.5,2,1,0,1,6
44,115,77,50,9.0,6.0,10,1,1,1,6
45,265,100,56,14.0,7.0,10,0,0,1,4
46,129,79,46,13.0,12.0,15,1,0,1,1
47,110,65,46,7.0,12.5,5,1,0,1,2
48,102,60,43,6.0,12.0,5,0,1,1,7
49,101,77,45,13.0,13.0,10,0,0,1,5
50,86,60,42,7.0,12.0,10,0,0,1,8
51,115,75,42,8.0,12.0,15,0,0,1,7
52,87,64,46,7.0,12.0,5,1,0,1,5
53,140,99,51,12.0,10.5,1,1,0,0,7
54,219,113,60,20.0,9.0,10,1,0,1,3
55,79,51,34,6.0,13.5,5,1,0,1,6
56,180,81,50,11.0,7.5,5,1,1,0,3
57,89,62,38,9.0,13.0,4,0,0,0,5
58,340,83,49,19.0,9.0,5,1,1,1,3
59,112,75,42,10.0,12.0,5,0,0,1,5
60,99,67,37,7.0,10.5,10,0,1,1,3
61,170,89,51,12.0,12.7,6,1,0,0,5
62,198,80,45,10.0,7.0,7,0,0,1,4
63,89,51,34,6.0,3.5,10,1,0,0,7
64,193,78,55,8.0,7.5,10,1,0,1,3
65,100,57,42,6.0,11.0,10,1,1,1,5
66,135,77,47,10.0,13.5,10,0,0,1,1
67,100,78,44,8.0,13.5,20,0,0,1,1
68,136,64,38,8.0,3.0,3,1,0,1,1
69,133,80,48,10.0,10.5,10,1,0,0,7
70,145,85,58,8.0,12.0,4,1,1,1,8
71,105,79,52,10.0,14.5,10,0,0,0,3
72,97,53,34,6.0,9.0,5,1,0,1,4
73,220,103,49,13.0,14.5,10,1,1,1,3
74,125,77,45,10.0,12.0,10,1,0,1,5
75,110,81,45,10.0,13.0,12,1,0,1,5
76,153,87,66,9.0,7.5,10,1,1,1,8
77,137,74,44,10.0,15.5,8,0,0,1,1
78,85,59,45,6.0,12.0,5,1,0,1,5
79,95,64,45,6.0,12.5,10,1,0,0,2
80,115,67,41,9.0,14.5,7,0,0,1,2
81,76,55,36,6.0,12.5,15,0,1,0,3
82,139,80,48,10.0,10.5,15,1,0,1,7
83,350,80,44,14.0,10.5,10,1,1,0,7
84,105,66,40,8.0,12.5,5,1,0,1,2
85,110,51,34,6.0,3.5,7,1,0,1,7
86,99,66,44,8.0,12.0,5,1,0,0,5
87,90,60,45,6.0,13.5,5,1,0,1,6
88,130,80,46,10.0,10.5,15,1,0,1,7
89,165,65,45,9.0,9.0,10,1,1,1,3
90,130,75,44,11.0,13.5,10,0,0,1,1
91,158,78,48,9.0,9.0,4,1,1,1,4
92,380,130,72,15.0,7.0,5,0,0,1,4
93,210,80,42,20.0,8.0,5,1,0,1,1
94,116,75,51,9.0,3.5,5,0,1,0,7
95,140,76,44,10.0,12.5,5,1,0,1,2
96,130,86,54,13.0,6.0,10,1,0,1,6
97,82,51,35,6.0,12.5,5,1,0,1,2
98,208,115,70,14.0,10.0,3,1,1,1,6
99,99,65,40,8.0,17.0,12,1,0,0,2
100,110,77,46,11.0,13.0,2,1,0,1,5
101,470,120,75,18.0,9.0,10,1,1,1,3
102,105,57,42,6.0,3.0,15,1,1,1,1
103,169,70,44,8.0,8.0,5,1,1,1,1
104,94,64,45,7.0,12.5,12,1,0,1,2
105,136,78,46,10.0,12.5,5,0,0,0,2
106,88,55,38,6.0,6.5,10,1,1,0,2
107,130,81,56,9.0,6.0,7,1,1,1,6
108,150,87,55,10.0,12.0,3,1,0,1,8
109,84,58,43,5.0,12.0,15,1,1,0,7
110,74,60,43,6.0,13.5,5,0,0,0,6
111,138,77,45,10.0,13.0,5,0,0,1,5
112,125,62,42,10.0,12.0,10,1,0,1,1
113,105,57,40,6.0,4.5,5,1,1,1,8
114,138,70,45,8.0,10.5,10,1,1,1,3
115,129,86,55,10.0,10.5,10,0,0,0,3
116,120,56,42,6.0,12.0,5,1,1,1,7
117,95,64,39,8.0,12.0,15,1,0,1,7
118,82,56,39,5.0,10.5,5,0,1,1,3
119,74,51,35,6.0,13.5,10,1,0,0,6
120,110,83,47,10.0,17.0,10,1,0,1,4
121,87,60,43,6.0,12.0,7,0,0,1,7
122,190,81,46,12.0,12.0,5,0,0,1,8
123,90,58,43,6.0,17.0,10,1,0,1,4
124,152,79,53,8.0,9.0,3,1,0,1,4
125,120,74,40,12.0,12.7,7,1,1,1,5
126,195,83,55,10.0,4.5,3,1,1,0,8
127,144,80,51,10.0,13.5,10,1,0,1,1
128,149,78,48,13.0,4.5,5,1,1,1,8
129,140,56,40,5.0,9.0,5,1,1,0,3
130,105,57,44,6.0,9.0,5,1,1,0,4
131,185,73,45,8.0,3.0,2,1,1,1,1
132,115,78,54,8.0,11.5,10,1,1,1,6
133,115,74,45,10.0,13.0,15,1,0,1,5
134,106,58,44,6.0,7.0,10,0,0,0,4
135,92,64,39,8.0,12.0,7,0,0,1,1
136,105,56,42,6.0,3.0,15,1,1,1,1
137,120,82,44,11.0,12.7,12,1,0,1,5
138,52,86,46,9.0,12.0,10,0,0,1,7
139,169,95,58,14.0,9.0,7,0,1,1,4
140,225,80,53,9.0,7.0,5,1,1,1,4
141,94,59,43,5.0,14.5,5,0,0,1,3
142,99,76,45,10.0,12.0,10,1,0,1,5
143,86,51,35,6.0,17.0,10,1,0,0,4
144,177,80,50,9.0,4.5,2,1,0,0,8
145,113,75,45,10.0,12.0,7,1,0,1,5
146,110,76,46,10.0,13.0,7,1,0,1,5
147,145,78,50,10.0,12.0,3,1,0,1,5
148,90,56,41,5.0,6.0,15,1,1,1,6
149,199,127,62,20.0,13.5,10,0,1,1,1
150,372,158,80,20.0,10.5,10,1,0,1,3
151,95,58,42,6.0,7.5,15,1,1,1,3
152,78,51,34,6.0,13.5,10,1,1,1,6
153,135,84,45,11.0,12.0,10,0,0,1,7
154,100,80,45,12.0,12.7,15,1,0,1,5
155,153,76,46,10.0,9.0,5,0,0,1,4
156,95,65,47,9.0,13.5,7,1,0,1,6
157,103,60,43,6.0,12.5,5,1,0,1,2
158,114,80,45,13.0,12.0,7,1,0,0,5
159,113,85,46,10.0,12.0,15,0,0,1,7
160,108,80,52,10.0,12.0,10,0,0,1,7
161,107,74,44,11.0,13.0,5,0,0,0,5
162,100,77,52,9.0,10.5,15,0,1,1,3
163,106,76,43,12.0,13.0,5,0,0,0,5
164,84,60,44,6.0,13.5,7,0,0,1,1
165,139,73,51,9.0,7.5,10,0,1,0,8
166,106,76,46,10.0,13.0,5,0,0,1,5
167,124,78,55,8.0,13.5,10,1,1,1,1
168,112,65,40,8.0,17.0,5,1,0,0,2
169,110,65,43,7.0,12.0,10,0,0,1,7
170,80,60,44,6.0,13.5,10,0,0,1,6
171,115,58,41,5.0,7.5,7,1,1,0,3
172,110,83,47,10.0,17.0,10,1,0,1,4
173,138,68,46,8.0,9.0,10,1,0,1,4
174,50,63,47,7.0,12.0,20,0,1,0,7
175,132,77,43,8.0,12.5,5,1,0,1,2
176,80,58,43,6.0,10.0,10,1,1,1,6
177,88,59,44,6.0,13.5,10,1,0,1,6
178,194,106,60,17.0,9.0,5,0,1,1,4
179,130,78,54,8.0,7.5,10,0,0,1,8
180,86,50,34,6.0,12.0,10,0,0,0,8
181,128,70,50,8.0,5.0,5,1,1,0,4
182,155,85,53,7.0,4.5,10,1,0,0,8
183,270,105,74,18.0,5.0,1,1,1,1,4
184,85,60,43,6.0,14.5,6,0,0,1,2
185,135,76,44,10.0,12.7,2,1,0,0,5
186,200,122,68,12.0,10.0,5,1,0,1,6
187,90,51,35,6.0,7.0,3,1,0,1,4
188,133,65,47,8.0,12.5,2,1,0,1,3
189,103,69,44,9.0,14.5,10,0,0,1,3
190,89,61,44,6.0,12.5,10,1,0,1,2
191,81,56,39,6.0,11.5,10,1,0,1,6
192,106,58,42,6.0,12.0,5,1,1,1,8
193,166,77,45,11.0,10.5,15,1,1,1,3
194,78,55,37,6.0,11.5,2,1,1,1,6
195,110,77,45,10.0,12.0,10,0,0,1,7
196,120,74,44,10.0,12.7,10,1,0,1,5
197,100,80,51,10.0,13.5,10,0,0,1,6
198,127,76,42,10.0,13.5,10,0,0,1,6
199,150,75,46,11.0,9.0,15,1,0,1,4
200,99,79,62,6.0,17.0,2,1,1,0,4
201,118,67,44,8.0,6.0,10,1,0,1,6
202,120,63,43,9.0,12.0,1,1,0,0,8
203,85,64,45,7.0,15.5,10,1,0,0,1
204,167,78,54,8.0,9.0,10,1,1,1,3
205,105,58,44,5.0,17.0,2,1,1,1,2
206,130,56,41,6.0,9.0,5,1,1,0,3
207,125,80,45,13.0,13.0,10,0,0,0,5
208,86,59,43,6.0,17.0,5,1,0,1,4
209,105,60,41,8.0,4.5,10,1,1,0,8
210,118,68,49,11.0,7.5,7,1,0,0,8
211,107,75,44,8.0,12.0,10,1,0,0,5
212,100,65,46,6.0,15.5,7,1,0,1,1
213,195,83,55,9.0,9.0,3,1,1,1,3
214,120,66,40,19.0,7.5,10,1,1,1,8
215,95,60,43,6.0,14.5,10,1,0,1,3
216,110,58,43,6.0,14.5,10,1,1,1,3
217,80,55,41,5.0,11.5,3,1,1,1,6
218,97,75,45,10.0,13.0,5,0,0,1,5
219,92,63,39,8.0,15.5,5,1,0,1,1
220,130,75,44,8.0,12.7,3,1,0,1,5
221,235,92,52,15.0,3.5,3,1,0,1,7
222,93,60,38,8.0,12.0,5,1,0,1,5
223,95,82,48,8.0,13.0,10,1,0,1,5
224,115,77,46,10.0,12.7,7,1,0,1,5
225,140,76,44,10.0,12.0,2,1,0,1,5
226,92,82,48,8.0,13.0,12,0,0,1,5
227,89,60,44,6.0,14.5,7,1,1,1,3
228,230,103,51,14.0,14.5,15,1,1,1,3
229,95,64,40,8.0,15.5,15,1,0,1,1
230,156,83,55,9.0,10.5,10,1,1,1,7
231,135,77,46,10.0,12.7,2,1,0,1,5
232,125,78,60,11.0,14.5,10,0,0,1,3
233,122,74,50,8.0,10.5,10,1,1,0,3
234,140,85,52,11.0,9.0,10,0,0,1,3
235,95,64,45,6.0,14.5,10,1,0,1,2
236,105,65,39,11.0,12.0,5,0,0,1,7
237,150,78,44,8.0,13.5,1,1,0,1,1
238,136,74,45,10.0,13.5,5,0,0,1,1
239,170,80,48,9.0,14.5,7,1,1,1,3
240,105,75,45,10.0,12.0,7,1,0,1,5
241,125,82,52,12.0,13.5,10,0,0,0,6
242,73,61,41,6.0,13.0,10,0,0,0,5
243,93,78,46,10.0,12.0,15,0,0,1,7
244,95,64,45,7.0,12.5,10,1,0,1,2
245,225,101,65,15.0,10.5,20,1,1,1,3
246,108,65,40,8.0,17.0,5,1,0,1,2
247,92,60,45,6.0,9.0,7,0,1,1,3
248,90,57,38,6.0,7.5,6,1,1,0,3
249,145,85,54,11.0,8.0,10,0,1,1,1
250,93,67,47,6.0,12.0,5,0,0,1,7
251,160,80,56,9.0,12.0,5,1,1,1,8
252,93,62,37,8.0,12.5,10,1,0,1,2
253,90,57,43,6.0,12.0,5,1,1,1,1
254,79,55,40,6.0,10.5,10,0,1,1,3
255,95,73,43,11.0,12.7,10,1,0,0,5
256,110,75,52,9.0,7.5,10,0,1,1,8
257,125,66,44,9.0,12.5,15,1,0,1,3
258,299,99,65,11.0,9.0,10,1,1,1,3
259,127,77,46,10.0,12.5,10,1,0,1,2
260,112,75,45,10.0,12.0,7,1,0,1,5
261,84,58,43,5.0,12.0,15,1,1,0,7
262,195,110,55,11.0,12.0,1,1,1,1,7
263,170,81,60,13.0,13.0,5,1,0,1,5
264,95,67,45,9.0,13.5,10,0,0,0,1
265,450,145,82,14.0,4.5,3,1,1,1,8
266,160,85,56,12.0,6.5,10,1,1,1,2
267,165,78,46,10.0,5.0,10,1,0,1,4
268,80,56,38,6.0,7.0,10,1,0,1,5
269,125,78,50,9.0,13.5,15,1,1,0,1
270,120,77,44,10.0,13.5,5,0,1,1,6
271,226,82,52,10.0,3.0,3,1,0,1,1
272,105,66,48,8.0,12.0,1,1,0,0,5
273,120,66,43,10.0,9.0,10,0,0,1,4
274,150,77,45,10.0,5.0,10,1,0,1,4
275,103,77,46,11.0,13.0,5,0,0,1,5
276,115,57,42,6.0,10.5,4,0,1,1,3
277,140,87,57,7.0,10.5,3,1,1,1,3
278,185,80,53,9.0,7.5,15,1,1,1,8
279,120,80,50,10.0,7.0,7,1,0,1,5
280,82,57,46,6.0,12.0,10,1,1,1,7
281,130,74,53,7.0,4.5,7,1,1,1,8
282,110,70,42,10.0,14.5,7,0,0,1,3
283,90,61,49,6.0,12.0,10,1,0,1,8
284,185,108,62,12.0,13.5,10,0,0,1,6
285,146,80,46,10.0,7.5,10,1,1,1,3
286,105,68,46,8.0,12.0,15,1,0,1,7
287,193,100,56,12.0,12.0,10,0,1,1,7
288,75,51,34,6.0,9.0,5,0,0,0,4
289,138,65,47,9.0,5.0,10,1,0,1,4
290,115,63,40,8.0,12.5,10,0,0,1,3
291,93,59,44,6.0,7.0,5,0,0,0,4
292,123,83,50,11.0,12.7,15,1,0,1,5
293,120,82,53,9.0,11.5,10,0,1,1,6
294,90,66,43,6.0,15.5,5,1,0,0,1
295,86,56,39,6.0,12.5,10,0,0,1,3
296,103,64,40,8.0,17.0,5,1,0,1,2
297,85,59,43,6.0,13.5,15,0,0,1,1
298,123,85,51,10.0,12.7,3,1,0,1,5
299,110,69,44,10.0,12.0,5,1,0,1,7
300,88,60,44,10.0,12.0,10,0,0,0,7
301,116,75,46,10.0,13.5,10,0,0,1,6
302,119,71,52,8.0,8.0,10,0,1,0,1
303,130,80,45,13.0,12.0,5,0,0,1,5
304,85,55,40,6.0,11.0,5,0,1,1,8
305,93,79,45,10.0,13.0,7,0,0,0,5
306,127,79,45,13.0,12.0,3,1,0,1,1
307,143,77,42,10.0,6.0,5,0,0,1,6
308,105,77,46,8.0,12.0,15,0,0,0,7
309,177,74,45,8.0,5.0,15,1,1,1,4
310,73,54,37,6.0,14.5,10,1,0,1,3
311,145,74,45,11.0,17.0,10,0,0,1,2
312,99,72,50,9.0,7.5,10,0,1,1,8
313,91,60,44,6.0,12.0,10,1,1,1,7
314,122,68,44,8.0,10.5,5,0,0,1,3
315,147,74,49,9.0,7.5,10,1,1,1,3
316,84,76,45,10.0,17.0,10,1,0,1,4
317,73,51,34,6.0,7.0,7,1,0,1,5
318,85,58,39,6.0,10.0,7,0,0,1,6
319,135,68,46,8.0,12.5,7,0,0,1,3
320,116,75,44,13.0,12.0,10,1,0,1,1
321,136,76,44,10.0,14.5,9,0,0,1,3
322,88,56,36,6.0,17.0,10,0,0,1,2
323,153,87,55,10.0,6.5,5,0,1,1,2
324,135,74,44,10.0,10.5,7,1,0,0,3
325,135,74,51,9.0,10.5,7,1,1,1,7
326,100,68,53,6.0,12.0,10,1,0,1,7
327,115,66,37,7.0,11.0,7,1,0,1,8
328,120,69,40,9.0,13.5,15,1,0,1,1
329,149,84,46,10.0,13.5,7,0,0,1,1
330,98,56,33,6.0,8.0,10,1,0,0,1
331,85,60,44,6.0,7.0,7,1,0,1,5
332,169,80,50,8.0,10.0,5,1,1,1,6
333,100,55,38,6.0,3.5,5,1,1,0,7
334,125,64,44,9.0,12.0,12,1,0,1,8
335,95,55,35,8.0,7.5,7,1,1,1,3
336,114,75,44,10.0,13.0,2,1,0,1,5
337,105,78,50,8.0,9.0,10,1,1,0,4
338,125,75,53,8.0,11.0,3,1,1,1,8
339,100,65,39,9.0,17.0,10,1,0,1,2
340,93,64,41,7.0,14.5,3,1,0,1,2
341,165,99,70,9.0,7.5,7,0,1,1,8
342,72,52,35,6.0,13.5,10,0,0,1,1
343,125,78,52,7.0,11.0,7,1,1,1,8
344,250,74,47,10.0,3.0,5,1,1,0,1
345,165,87,51,12.0,12.7,6,1,0,0,5
346,148,84,52,8.0,6.5,3,1,1,1,5
347,130,81,49,9.0,13.0,10,0,1,1,5
348,148,74,51,9.0,7.5,10,1,1,1,3
349,123,79,45,13.0,9.0,20,1,0,1,4
350,149,77,45,9.0,12.0,5,1,0,1,1
351,97,55,35,6.0,9.0,10,1,0,1,4
352,80,50,34,6.0,12.0,5,0,0,0,8
353,100,58,42,5.0,12.0,10,0,1,1,8
354,105,75,45,10.0,12.0,5,0,0,1,5
355,80,52,36,6.0,10.5,15,1,1,0,7
356,120,100,63,9.0,13.0,7,0,0,1,5
357,78,59,42,6.0,12.5,10,0,0,0,2
358,209,90,57,8.0,10.5,2,1,1,1,3
359,190,81,51,14.0,9.0,3,1,1,1,3
360,88,51,35,6.0,10.5,3,1,0,1,7
361,135,85,53,9.0,10.5,7,0,1,0,3
362,185,90,54,13.0,7.5,7,1,1,1,3
363,299,100,65,11.0,9.0,10,1,0,1,3
364,111,81,45,9.0,14.5,10,0,0,0,3
365,102,65,44,7.0,13.5,10,1,0,1,6
366,94,65,45,7.0,14.5,10,1,0,0,2
367,165,79,53,9.0,8.0,15,1,1,1,1
368,164,90,52,13.0,10.0,3,1,1,1,6
369,110,63,45,7.0,13.5,10,1,0,1,1
370,137,78,51,9.0,6.0,15,1,1,1,6
371,97,57,42,6.0,13.5,5,0,1,1,1
372,155,80,46,13.0,12.0,15,1,0,0,8
373,153,75,45,10.0,7.0,15,1,0,0,4
374,132,88,55,14.0,17.0,5,1,0,1,4
375,110,74,45,10.0,12.7,7,1,0,1,5
376,103,63,38,8.0,10.5,10,0,0,1,3
377,79,49,33,6.0,14.5,10,1,0,0,3
378,200,121,71,12.0,10.0,3,1,0,1,6
379,85,59,44,6.0,9.0,5,0,0,1,4
380,108,66,43,7.0,17.0,5,1,0,1,4
381,125,81,56,9.0,6.0,5,1,1,0,6
382,145,90,55,10.0,9.0,7,1,1,0,4
383,250,74,56,8.0,4.5,7,1,1,1,8
384,140,78,46,11.0,12.0,5,1,0,1,8
385,160,79,51,12.0,3.0,8,1,1,1,1
386,122,96,51,12.0,13.5,10,0,0,0,6
387,100,63,42,7.0,13.5,15,1,1,1,1
388,87,55,38,5.0,6.5,5,1,1,1,5
389,92,69,47,6.0,12.0,10,0,0,0,7
390,150,77,42,8.0,6.0,15,1,0,1,6
391,150,112,64,16.0,14.5,5,0,0,1,3
392,88,61,42,6.0,12.5,5,1,0,1,2
393,100,78,45,10.0,13.0,7,1,0,1,5
394,92,64,38,8.0,10.5,15,1,0,0,7
395,112,76,54,8.0,10.5,15,1,1,0,7
396,90,65,45,7.0,12.0,7,1,0,1,5
397,140,85,50,8.0,6.5,2,1,1,1,5
398,100,75,45,10.0,13.0,5,0,0,1,5
399,83,58,38,6.0,12.5,10,1,0,0,2
400,115,72,50,8.0,10.5,10,0,1,1,3
401,92,68,53,6.0,13.0,10,0,0,1,5
402,110,65,41,11.0,12.5,15,1,1,1,8
403,103,64,45,6.0,17.0,5,1,0,1,2
404,165,78,47,9.0,5.0,10,1,1,1,4
405,165,89,57,9.0,7.0,5,0,0,1,4
406,371,128,70,18.0,7.0,5,0,0,1,4
407,85,60,38,6.0,17.0,7,1,0,0,2
408,95,65,39,8.0,12.0,15,1,0,1,7
409,141,113,58,13.0,13.5,10,0,0,1,1
410,113,77,50,8.0,12.5,15,0,1,0,3
411,125,73,52,8.0,11.0,10,1,1,1,8
412,108,64,40,9.0,12.0,10,0,1,1,1
413,84,59,45,5.0,10.0,15,1,0,1,6
414,170,71,47,8.0,7.5,10,1,1,1,3
415,112,72,51,8.0,6.5,5,1,1,1,5
416,131,76,45,10.0,12.0,7,1,0,1,1
417,110,77,46,9.0,13.0,5,1,0,0,5
418,135,79,48,9.0,10.5,5,1,1,0,7
419,132,69,44,8.0,8.0,10,1,0,1,1
420,135,100,50,10.0,15.5,10,1,0,1,1
421,95,63,39,8.0,14.5,15,1,0,1,2
422,140,77,45,10.0,10.0,5,1,0,1,6
423,120,77,45,10.0,13.0,10,1,0,1,5
424,115,68,44,9.0,12.0,7,1,0,1,7
425,165,96,58,14.0,7.0,5,0,0,1,4
426,99,66,39,8.0,17.0,10,1,0,0,2
427,192,123,68,16.0,14.5,10,0,0,0,3
428,128,75,45,10.0,17.0,3,1,1,1,2
429,105,63,44,7.0,17.0,3,1,0,1,4
430,133,83,46,12.0,13.5,10,1,1,1,1
431,96,64,41,9.0,13.5,12,1,0,1,1
432,168,84,54,8.0,7.5,10,1,1,1,8
433,150,78,45,10.0,14.5,10,0,0,1,3
434,135,84,55,11.0,3.0,15,1,1,1,1
435,85,65,43,10.0,12.0,5,0,0,1,5
436,85,57,37,5.0,12.0,7,0,0,1,8
437,138,86,50,10.0,13.5,10,1,1,1,1
438,87,57,45,6.0,12.0,15,1,0,1,8
439,115,80,48,11.0,12.7,5,0,0,1,5
440,117,80,44,13.0,10.5,10,0,0,1,3
441,154,95,51,11.0,6.5,3,1,1,1,5
442,84,60,43,6.0,12.0,10,1,0,1,5
443,160,114,67,15.0,14.5,10,0,0,1,3
444,93,61,43,6.0,14.5,7,0,0,1,2
445,130,77,47,11.0,11.0,7,1,0,1,5
446,100,70,44,8.0,15.5,7,0,0,0,1
447,135,78,44,11.0,12.7,10,1,0,1,5
448,84,59,38,6.0,7.0,10,1,0,1,5
449,105,66,44,7.0,3.5,10,1,0,1,7
450,155,75,46,10.0,12.0,5,1,0,1,8
451,120,76,45,10.0,13.0,10,1,0,1,5
452,105,60,35,8.0,11.0,5,1,1,1,8
453,75,53,35,7.0,11.5,5,1,1,0,6
454,110,77,46,10.0,6.0,10,0,0,1,6
455,280,108,65,14.0,14.5,15,1,1,1,3
456,115,85,52,10.0,12.0,10,1,0,1,5
457,78,57,37,6.0,13.5,10,1,0,1,6
458,227,134,70,16.0,9.0,5,1,0,1,4
459,86,56,42,5.0,6.5,5,1,1,0,5
460,106,70,43,10.0,12.7,10,1,0,0,5
461,93,66,39,8.0,14.5,15,1,0,1,2
462,112,79,45,8.0,11.5,2,1,1,1,6
463,93,64,45,7.0,13.5,7,0,0,1,1
464,120,74,45,10.0,13.0,15,1,0,1,5
465,92,60,41,6.0,14.5,7,1,0,0,2
466,220,81,46,13.0,9.0,7,1,0,1,4
467,107,66,42,9.0,8.0,7,0,0,1,1
468,115,62,38,9.0,17.0,7,1,0,0,2
469,83,61,38,6.0,13.0,10,0,0,0,5
470,140,66,47,6.0,4.5,2,1,1,0,8
471,105,64,45,6.0,13.5,7,1,0,1,1
472,120,57,43,6.0,8.0,5,1,1,0,1
473,88,64,46,7.0,17.0,15,1,0,0,2
474,115,76,40,11.0,12.7,10,1,0,1,5
475,140,70,45,10.0,9.0,10,1,0,1,3
476,149,94,57,8.0,10.5,15,0,1,1,3
477,120,75,43,10.0,17.0,10,1,0,1,2
478,170,92,62,18.0,6.0,7,1,1,1,6
479,105,73,49,8.0,11.5,5,1,0,0,6
480,189,86,55,10.0,9.0,10,1,1,1,3
481,86,61,42,6.0,12.0,7,0,1,1,5
482,126,80,40,14.0,12.0,10,0,0,1,7
483,85,59,40,6.0,10.0,5,0,0,1,6
484,140,82,47,11.0,12.5,10,1,1,0,2
485,104,84,52,11.0,13.0,5,0,0,1,5
486,108,66,45,10.0,12.0,5,1,0,1,7
487,84,60,45,6.0,13.5,7,0,0,1,6
488,90,55,35,6.0,14.5,5,0,0,1,3
489,87,61,43,6.0,12.0,15,1,0,1,7
490,115,71,42,10.0,12.0,5,1,0,0,8
491,78,58,44,6.0,7.0,7,1,0,0,5
492,120,80,47,9.0,13.5,10,0,0,1,6
493,98,74,44,10.0,12.0,15,1,0,0,7
494,152,81,54,8.0,7.5,12,1,1,1,3
495,105,82,48,8.0,13.0,10,0,0,1,5
496,158,78,48,12.0,9.0,4,1,1,1,4
497,87,58,33,5.0,11.5,5,1,0,1,6
498,150,108,56,15.0,11.0,5,1,1,1,5
499,109,79,45,13.0,14.5,5,0,1,1,3
500,158,64,44,9.0,7.0,3,1,0,1,4
501,160,86,51,8.0,12.0,2,1,1,1,7
502,80,56,37,6.0,10.0,1,1,0,0,6
503,115,66,38,7.0,11.0,7,1,1,1,8
504,260,70,45,8.0,8.0,7,1,1,0,1
505,90,56,40,5.0,12.5,5,1,1,1,3
506,132,76,43,8.0,12.5,5,1,0,1,2
507,84,59,46,6.0,10.0,15,1,0,1,6
508,112,63,35,8.0,11.0,7,1,0,1,8
509,120,77,43,8.0,10.5,10,0,0,1,3
510,115,76,45,10.0,12.0,15,0,0,1,7
511,165,74,41,9.0,6.5,5,1,1,1,2
512,125,77,46,10.0,10.5,15,1,0,1,7
513,103,67,43,9.0,13.5,10,0,0,1,1
514,130,72,47,10.0,13.5,7,1,1,0,1
515,129,59,41,6.0,9.0,5,1,1,0,3
516,80,52,34,6.0,17.0,10,1,0,0,4
517,190,84,55,9.0,4.5,5,1,1,1,8
518,130,72,42,9.0,12.0,5,1,0,1,1
519,86,56,42,5.0,6.5,5,1,1,0,5
520,190,106,58,24.0,9.0,5,0,0,1,4
521,132,84,52,11.0,12.7,20,1,0,1,5
522,170,80,45,13.0,12.0,10,1,0,1,8
523,118,78,52,9.0,11.0,5,1,1,1,5
524,78,63,47,6.0,13.5,5,0,1,1,6
525,77,56,38,6.0,13.5,10,0,1,0,1
526,77,50,34,6.0,13.5,2,1,0,1,6
527,105,75,45,10.0,14.5,10,0,0,1,3
528,150,76,45,10.0,12.0,5,1,0,1,1
529,143,75,45,9.0,10.5,7,1,0,1,3
530,350,113,85,20.0,9.0,10,1,0,1,3
531,110,70,40,9.0,13.5,5,1,0,0,6
532,159,107,64,13.0,14.5,10,0,1,1,3
533,135,75,46,10.0,7.0,12,0,0,1,4
534,89,60,43,6.0,15.5,5,1,1,1,1
535,170,76,50,10.0,5.0,5,1,1,1,4
536,89,55,37,6.0,10.5,10,1,1,1,3
537,115,64,44,7.0,12.0,5,0,0,1,7
538,110,77,40,11.0,12.7,15,1,0,1,5
539,84,59,44,6.0,12.0,10,1,0,1,5
540,130,78,46,10.0,14.5,7,1,0,1,2
541,87,90,57,13.0,14.5,15,1,1,1,2
542,79,60,44,6.0,15.5,15,1,0,0,1
543,115,60,39,6.0,4.5,10,1,0,1,8
544,95,67,41,9.0,13.5,7,0,0,1,6
545,98,64,42,7.0,14.5,5,0,0,1,3
546,83,64,42,9.0,17.0,10,0,0,0,2
547,130,82,54,8.0,3.5,10,1,1,1,7
548,105,56,43,6.0,3.0,10,1,1,1,1
549,124,77,44,10.0,14.5,5,0,0,1,2
550,107,65,39,8.0,12.5,20,1,0,1,2
551,180,83,53,8.0,12.0,5,1,1,1,7
552,110,76,45,10.0,13.0,10,1,0,1,5
553,157,75,53,10.0,12.5,5,1,0,1,2
554,210,105,55,14.0,17.0,5,0,0,1,2
555,95,64,45,6.0,12.5,10,1,0,1,2
556,371,120,59,15.0,7.0,10,0,0,1,4
557,145,73,45,7.0,9.0,1,1,1,1,4
558,85,58,43,5.0,7.0,10,0,0,1,4
559,87,58,40,6.0,6.5,5,1,0,0,2
560,118,84,48,9.0,12.7,5,0,0,1,5
561,86,58,38,8.0,11.5,7,1,0,1,6
562,157,80,48,9.0,7.0,5,0,0,1,4
563,190,73,54,9.0,3.0,10,1,1,1,1
564,85,65,43,5.0,7.5,5,1,1,1,8
565,140,80,51,7.0,7.5,7,1,1,1,8
566,85,55,42,6.0,14.5,5,1,1,1,3
567,78,58,37,6.0,12.0,10,0,0,1,7
568,185,80,53,9.0,7.5,10,1,1,1,8
569,162,75,52,12.0,3.5,5,1,1,1,7
570,164,90,52,13.0,10.0,3,1,1,1,6
571,210,81,48,10.0,3.0,5,1,1,1,1
572,99,63,38,8.0,10.5,5,1,0,0,3
573,125,75,52,9.0,10.5,5,0,1,1,3
574,85,60,43,6.0,12.0,5,1,0,1,5
575,225,92,48,13.0,9.0,1,1,1,1,4
576,85,61,45,6.0,13.5,15,1,0,1,6
577,112,77,45,10.0,17.0,10,0,0,1,2
578,135,83,53,9.0,13.5,10,0,0,1,1
579,235,101,59,15.0,8.0,7,1,1,1,1
580,147,76,46,10.0,12.0,3,1,0,1,8
581,93,55,39,6.0,8.0,10,1,1,0,1
582,105,75,46,10.0,13.0,7,0,0,0,5
583,105,69,43,6.0,17.0,5,1,0,1,4
584,185,95,57,12.0,5.0,5,1,0,0,4
585,110,75,52,9.0,11.5,10,1,1,0,6
586,215,86,58,12.0,3.0,5,1,1,1,1
587,175,79,47,9.0,14.5,7,1,1,1,3
588,99,62,39,8.0,17.0,10,1,0,1,2
589,144,80,48,13.0,15.5,10,1,0,1,1
590,98,74,46,11.0,12.5,10,0,1,0,3
591,135,72,46,8.0,10.0,5,1,0,1,6
592,140,78,46,9.0,10.5,10,1,1,1,7
593,205,88,59,9.0,9.0,10,1,1,0,3
594,145,84,53,10.0,15.5,15,1,0,1,1
595,150,86,53,9.0,11.5,1,1,0,1,6
596,110,59,38,8.0,14.5,5,0,0,1,3
597,285,90,57,7.0,3.0,3,1,0,1,1
598,98,54,36,5.0,3.5,12,1,1,1,7
599,135,80,45,13.0,12.5,5,0,0,1,3
600,95,54,38,6.0,10.5,5,1,0,1,7
601,150,80,48,13.0,14.5,10,0,0,1,3
602,105,72,43,10.0,12.0,10,1,0,1,5
603,105,65,39,8.0,12.0,5,0,0,1,7
604,105,53,39,5.0,3.5,7,1,1,0,7
605,125,67,46,8.0,12.5,15,1,0,1,3
606,95,65,45,7.0,14.5,12,1,0,1,2
607,115,77,51,7.0,5.0,5,1,1,0,4
608,110,65,45,11.0,7.0,7,1,0,1,4
609,143,93,57,9.0,10.5,5,0,1,1,3
610,165,77,44,10.0,8.0,10,1,0,1,1
611,168,75,46,10.0,6.5,1,1,1,1,2
612,96,60,38,6.0,12.0,5,0,0,1,7
613,180,88,55,11.0,6.0,3,1,0,1,6
614,105,74,45,10.0,13.0,10,1,0,0,5
615,81,53,34,6.0,13.0,15,1,0,0,5
616,87,58,37,7.0,13.5,15,0,0,1,1
617,177,103,54,11.0,9.0,5,1,0,1,3
618,119,80,51,8.0,11.5,15,1,0,1,6
619,120,81,48,8.0,13.0,7,1,0,1,5
620,132,88,63,8.0,8.0,5,1,1,1,1
621,85,59,38,6.0,13.5,10,1,0,1,6
622,140,74,45,10.0,12.5,2,1,0,1,2
623,90,60,43,6.0,13.5,5,0,0,0,6
624,455,192,92,18.0,7.5,5,1,0,1,3
625,194,105,58,11.0,9.0,5,1,0,1,3
626,170,65,45,7.0,7.5,2,1,1,1,3
627,100,57,40,6.0,8.0,5,1,0,1,1
628,140,80,51,10.0,13.5,10,1,1,1,1
629,160,101,51,15.0,7.0,7,1,0,1,5
630,130,83,48,9.0,12.7,5,1,0,1,5
631,185,66,44,6.0,9.0,3,1,1,0,3
632,120,84,45,11.0,7.0,10,1,0,1,5
633,360,103,80,14.0,3.0,3,1,1,1,1
634,99,63,43,9.0,13.5,7,0,0,1,1
635,120,60,37,8.0,12.0,8,0,0,1,1
636,118,63,37,8.0,14.5,5,1,0,1,3
637,130,96,57,9.0,7.5,5,0,1,1,8
638,113,76,46,10.0,13.0,7,1,0,1,5
639,107,67,41,9.0,12.5,10,1,0,1,2
640,134,69,47,8.0,5.0,10,1,0,1,4
641,110,86,53,9.0,10.5,5,0,0,0,3
642,170,100,57,10.0,13.5,15,0,0,0,6
643,100,77,41,10.0,12.7,10,1,0,1,5
644,90,61,45,6.0,13.5,15,1,0,1,6
645,108,75,50,10.0,12.0,3,1,0,1,5
646,105,83,48,9.0,13.0,15,1,0,1,5
647,88,51,34,6.0,14.5,10,1,0,1,3
648,80,60,44,6.0,13.5,5,1,0,1,6
649,130,75,48,13.0,12.7,5,0,0,1,5
650,170,53,33,9.0,3.0,10,1,1,1,1
651,220,83,53,9.0,4.5,5,1,0,0,8
652,104,72,46,11.0,12.5,10,0,1,0,3
653,105,68,46,8.0,15.5,10,1,0,0,1
654,165,90,58,11.0,4.5,7,0,0,1,8
655,130,77,53,9.0,7.0,8,1,1,1,4
656,167,74,43,10.0,14.5,5,1,0,1,2
657,114,75,54,7.0,12.0,7,1,1,1,7
658,113,54,34,11.0,3.0,10,1,0,1,1
659,145,76,48,9.0,13.5,10,0,0,1,6
660,112,63,45,7.0,13.5,7,0,0,1,1
661,106,83,44,10.0,12.0,10,0,0,1,7
662,105,77,54,8.0,10.5,12,1,0,0,7
663,107,68,46,8.0,10.5,10,0,0,1,3
664,130,81,56,9.0,6.0,7,1,1,0,6
665,94,65,40,8.0,14.5,15,1,0,1,2
666,105,78,44,10.0,13.0,15,1,0,1,5
667,240,105,55,23.0,10.0,5,1,0,1,6
668,150,97,63,11.0,10.0,7,1,0,1,6
669,87,63,42,7.0,13.5,7,1,0,1,6
670,116,77,45,10.0,6.0,7,0,0,1,6
671,105,66,44,7.0,13.5,10,1,0,1,6
672,150,76,45,10.0,7.0,10,0,0,1,4
673,95,60,44,6.0,12.0,10,1,0,0,8
674,82,59,45,6.0,10.0,7,1,1,0,6
675,210,94,59,11.0,12.7,2,1,1,1,5
676,150,85,61,8.0,12.0,7,1,1,1,8
677,179,77,43,10.0,8.0,10,1,0,1,1
678,75,55,36,6.0,14.5,7,0,1,0,2
679,185,108,65,12.0,13.5,10,0,0,1,6
680,120,76,51,9.0,13.5,5,1,0,1,6
681,100,79,51,10.0,13.5,10,0,0,1,6
682,158,78,49,14.0,9.0,4,1,1,1,4
683,155,74,43,10.0,9.0,5,0,0,1,4
684,139,68,46,8.0,9.0,5,1,0,1,4
685,140,78,45,10.0,12.0,2,1,0,1,7
686,115,76,54,9.0,13.0,5,1,0,0,5
687,94,64,43,9.0,12.0,7,1,0,1,5
688,180,72,45,10.0,3.0,3,1,1,1,1
689,340,125,70,18.0,7.0,10,0,1,1,4
690,100,78,44,9.0,13.5,20,0,0,1,1
691,77,60,44,6.0,13.0,15,1,0,0,5
692,102,74,43,10.0,17.0,12,0,0,1,2
693,135,68,32,13.0,3.0,10,1,1,1,1
694,108,58,41,6.0,9.0,3,1,1,1,4
695,134,83,44,10.0,13.0,10,1,0,0,5
696,103,76,45,10.0,13.0,5,0,0,1,5
697,135,82,48,9.0,10.5,10,0,0,0,3
698,85,57,42,6.0,7.5,15,1,1,1,8
699,78,52,34,6.0,13.0,15,1,0,1,5
700,113,78,44,10.0,12.0,10,1,1,0,5
701,140,68,44,10.0,5.0,7,1,0,1,4
702,125,78,53,8.0,8.0,10,1,0,0,1
703,86,55,40,5.0,7.0,2,0,0,1,4
704,130,80,38,11.0,12.7,10,1,0,1,5
705,117,77,44,10.0,17.0,3,1,0,0,2
706,135,75,46,10.0,11.0,10,1,0,1,5
707,120,80,45,13.0,12.0,10,1,0,1,5
708,116,76,45,10.0,7.0,10,1,0,1,5
709,131,74,42,10.0,13.5,10,1,0,1,1
710,230,92,60,14.0,9.0,10,1,0,0,3
711,76,53,39,6.0,12.0,10,1,0,1,5
712,108,78,46,10.0,12.7,10,1,0,1,5
713,140,74,53,8.0,11.0,5,1,1,1,8
714,110,60,41,6.0,12.0,10,1,0,1,8
715,90,60,43,6.0,12.0,5,0,0,1,7
716,136,78,48,9.0,12.5,15,1,0,1,2
717,126,84,56,9.0,3.5,4,1,1,1,7
718,120,65,44,8.0,9.0,5,1,0,1,4
719,93,63,40,8.0,11.0,12,1,0,1,5
720,260,110,56,15.0,12.5,3,1,1,1,2
721,152,95,62,10.0,12.7,5,1,0,1,5
722,185,80,45,13.0,12.0,5,0,0,1,8
723,145,75,46,10.0,7.0,10,0,0,1,4
724,77,61,45,6.0,13.5,5,0,0,0,6
725,106,68,47,8.0,13.5,7,0,0,1,6
726,102,76,46,10.0,12.0,15,0,0,0,7
727,128,78,54,9.0,6.5,5,1,0,1,5
728,75,51,36,6.0,17.0,5,0,0,1,2
729,89,60,44,6.0,10.5,3,1,0,1,7
730,135,81,53,8.0,11.5,4,1,1,1,6
731,90,55,37,6.0,7.5,7,0,0,1,8
732,135,76,44,9.0,5.0,7,1,1,1,4
733,108,73,51,8.0,12.5,15,0,1,1,3
734,114,79,45,13.0,14.5,7,0,0,1,3
735,95,64,39,8.0,12.5,10,1,0,0,2
736,230,109,58,18.0,12.7,2,1,0,1,5
737,128,72,53,8.0,3.0,10,1,1,0,1
738,168,104,60,16.0,12.0,10,1,0,1,1
739,85,57,37,5.0,12.0,7,0,0,1,8
740,170,80,50,8.0,9.0,15,0,1,1,3
741,87,56,35,6.0,12.0,7,1,0,1,8
742,190,87,62,10.0,4.5,5,1,1,1,8
743,154,72,42,11.0,6.5,5,1,0,1,2
744,129,69,42,9.0,14.5,15,1,0,1,3
745,80,61,44,7.0,12.0,5,0,0,1,7
746,89,60,45,6.0,13.5,10,0,0,1,1
747,112,77,45,10.0,10.0,7,0,0,1,6
748,160,93,57,12.0,12.7,5,1,0,1,5
749,118,83,44,10.0,12.7,10,1,0,1,5
750,115,75,47,10.0,13.0,10,1,0,1,5
751,165,84,57,9.0,10.5,7,1,0,0,3
752,90,57,40,5.0,13.5,10,1,1,1,1
753,160,82,54,8.0,9.0,7,1,1,1,4
754,97,55,35,6.0,9.0,7,0,0,1,4
755,165,74,41,9.0,6.5,5,1,1,1,2
756,162,90,53,13.0,10.0,7,1,1,1,6
757,212,119,70,17.0,9.0,5,0,1,1,4
758,190,72,46,10.0,9.0,5,1,1,1,4
759,120,80,52,14.0,12.0,7,1,0,1,5
760,94,61,38,9.0,12.0,5,0,0,1,7
761,145,73,43,11.0,9.0,10,0,0,1,4
762,73,53,34,6.0,7.5,3,1,1,0,3
763,90,60,40,7.0,13.5,9,1,0,1,6
764,79,54,35,5.0,12.5,10,0,1,1,3
765,82,61,40,6.0,13.5,10,0,0,1,1
766,140,83,53,12.0,12.0,15,0,0,1,7
767,105,77,45,10.0,14.5,10,0,0,1,3
768,97,56,43,5.0,6.5,7,1,1,1,5
769,280,145,66,16.0,12.7,3,1,0,0,5
770,92,59,41,6.0,11.0,10,1,1,1,8
771,80,58,38,7.0,13.5,5,0,0,1,6
772,110,65,45,7.0,13.5,7,1,0,1,1
773,160,98,52,12.0,10.0,7,1,0,1,6
774,120,77,45,10.0,13.5,5,0,0,1,6
775,165,100,54,12.0,6.5,3,1,0,1,5
776,147,111,65,16.0,14.5,6,0,1,1,3
777,96,60,45,6.0,15.5,5,1,0,1,1
778,75,65,45,7.0,14.5,10,0,0,1,3
779,125,90,54,8.0,12.0,15,0,0,1,7
780,125,80,47,10.0,12.0,15,0,0,1,7
781,87,64,45,9.0,15.5,12,1,0,0,1
782,115,76,45,11.0,12.0,5,1,0,1,1
783,200,100,66,21.0,9.0,15,1,1,1,3
784,115,84,53,12.0,12.7,15,1,0,1,5
785,120,64,46,6.0,7.0,3,1,0,1,4
786,107,64,44,9.0,15.5,5,1,0,1,1
787,112,60,39,6.0,3.5,3,1,0,1,7
788,94,60,44,6.0,15.5,5,1,0,1,1
789,115,64,45,7.0,13.5,5,1,0,1,1
790,110,66,45,10.0,11.5,10,1,0,1,6
791,107,75,53,9.0,11.5,10,1,1,0,6
792,77,60,43,6.0,12.0,6,0,0,1,7
793,96,65,45,7.0,12.5,15,1,1,1,2
794,118,78,46,10.0,13.5,10,1,0,1,6
795,95,66,44,10.0,14.5,7,0,0,1,3
796,123,77,45,10.0,17.0,7,1,0,1,2
797,110,70,40,6.0,12.0,2,1,1,0,8
798,162,90,61,10.0,10.5,3,1,1,1,3
799,85,58,45,6.0,10.0,3,1,0,1,6
800,113,70,50,9.0,6.0,10,1,0,0,6
801,125,80,45,13.0,12.0,5,0,1,1,5
802,78,52,35,6.0,12.0,10,1,0,1,7
803,109,75,45,10.0,13.5,5,1,0,0,1
804,230,110,52,17.0,11.5,5,1,1,1,6
805,85,59,42,6.0,10.5,7,0,0,0,3
806,125,76,45,10.0,13.5,10,0,0,1,6
807,130,73,41,10.0,12.0,5,0,0,1,7
808,80,58,38,6.0,7.0,10,1,0,1,5
809,200,102,73,10.0,9.0,7,1,0,1,3
810,73,51,34,6.0,12.0,7,1,0,0,5
811,94,61,44,6.0,12.5,3,1,0,1,2
812,134,84,52,8.0,12.0,7,1,1,1,8
813,140,76,44,10.0,12.5,5,1,0,1,2
814,108,66,44,9.0,12.0,5,1,0,1,7
815,94,65,45,7.0,17.0,10,1,0,0,2
816,130,56,40,5.0,3.5,10,1,1,0,7
817,92,66,44,9.0,11.5,7,1,0,0,6
818,155,85,47,11.0,12.7,5,1,0,1,5
819,108,81,48,8.0,13.0,15,0,0,1,5
820,108,66,43,7.0,17.0,2,1,0,1,4
821,135,76,50,8.0,10.5,15,1,0,1,3
822,135,77,50,8.0,10.5,10,0,1,1,3
823,100,57,43,5.0,11.5,10,1,1,1,6
824,170,75,48,7.0,7.5,3,1,1,1,3
825,87,61,43,6.0,12.0,15,1,0,1,7
826,94,62,38,8.0,17.0,3,1,0,1,4
827,115,61,42,5.0,3.5,10,1,1,0,7
828,223,63,38,7.0,7.5,3,1,1,1,3
829,160,80,51,8.0,3.0,10,1,1,1,1
830,138,66,44,9.0,4.5,2,1,0,1,8
831,125,77,40,11.0,13.0,10,0,1,1,5
832,120,68,47,8.0,12.5,5,0,0,0,3
833,85,60,43,10.0,13.0,7,0,0,0,5
834,113,91,52,9.0,6.5,10,1,1,1,2
835,115,69,46,6.0,12.0,5,1,1,1,8
836,95,75,43,11.0,14.5,10,0,0,1,3
837,125,83,48,9.0,12.0,3,1,0,1,5
838,109,66,46,8.0,15.5,5,1,0,1,1
839,167,113,64,13.0,14.5,5,0,1,1,3
840,190,77,54,9.0,9.0,5,0,1,1,3
841,158,88,61,9.0,10.5,15,1,1,1,3
842,151,102,70,9.0,10.5,12,1,1,1,7
843,160,77,48,8.0,12.0,7,1,1,0,8
844,87,56,37,6.0,7.0,7,0,0,1,4
845,87,58,45,5.0,10.0,3,1,0,1,6
846,95,76,45,10.0,14.5,10,0,0,1,3
847,170,102,58,12.0,13.0,5,1,0,1,5
848,110,75,53,10.0,10.5,15,1,0,0,7
849,180,83,53,8.0,10.5,5,1,0,1,3
850,178,80,54,9.0,3.0,5,1,1,1,1
851,92,60,44,6.0,12.5,15,1,0,0,2
852,149,95,57,8.0,10.5,15,0,1,1,3
853,95,61,43,6.0,14.5,5,1,0,1,2
854,130,67,46,7.0,9.0,5,1,1,1,4
855,92,63,38,8.0,12.0,10,0,0,1,8
856,96,60,45,6.0,12.0,10,1,0,1,7
857,93,59,38,6.0,13.5,7,1,0,0,6
858,103,64,40,8.0,10.5,10,0,0,0,3
859,112,79,47,10.0,17.0,10,1,0,1,4
860,94,63,38,8.0,17.0,12,1,0,0,2
861,156,70,48,7.0,9.0,2,1,1,1,4
862,82,54,35,6.0,9.0,10,1,1,0,4
863,185,78,53,8.0,7.5,15,1,1,1,8
864,98,60,44,6.0,14.5,15,1,0,1,3
865,113,80,48,8.0,12.0,10,1,0,1,5
866,175,83,55,9.0,3.0,15,1,1,1,1
867,99,65,44,7.0,10.5,5,1,0,1,3
868,87,63,45,6.0,10.0,10,1,0,0,6
869,73,51,34,6.0,13.5,10,1,0,1,6
870,220,148,85,14.0,14.5,7,0,1,1,3
871,185,76,43,10.0,8.0,10,1,0,1,1
872,150,85,57,10.0,9.0,7,1,1,0,3
873,115,75,42,8.0,12.0,15,0,0,1,7
874,155,72,52,7.0,3.0,5,0,0,1,1
875,125,83,48,9.0,12.0,3,1,0,1,5
876,113,85,53,12.0,12.7,10,0,0,0,5
877,105,66,46,11.0,12.0,7,1,0,0,5
878,130,72,44,10.0,6.0,5,1,0,0,6
879,250,100,50,15.0,12.7,5,1,0,1,5
880,97,76,45,10.0,12.0,10,1,1,1,5
881,165,69,47,7.0,4.5,5,0,1,1,8
882,161,108,60,13.0,14.5,10,0,1,1,3
883,110,77,46,9.0,15.5,3,1,0,1,1
884,145,90,52,9.0,12.0,15,1,1,0,7
885,470,146,86,16.0,14.5,5,1,1,1,3
886,113,75,45,10.0,13.0,10,1,0,1,5
887,260,107,58,14.0,13.0,1,1,0,1,5
888,200,71,46,8.0,4.5,5,1,1,0,8
889,100,75,45,10.0,13.0,5,0,0,1,5
890,170,82,52,15.0,5.0,1,1,1,1,4
891,163,115,66,15.0,13.5,10,0,0,1,1
892,136,74,45,10.0,10.0,15,1,0,0,6
893,89,59,38,6.0,12.0,15,1,0,1,7
894,125,76,45,10.0,15.5,10,0,0,1,1
895,260,110,71,18.0,4.5,7,1,1,1,8
896,123,66,43,8.0,10.0,5,1,1,1,6
897,115,80,48,12.0,12.7,5,0,0,1,5
898,129,66,44,9.0,9.0,15,1,0,0,4
899,104,72,48,9.0,10.5,10,1,0,0,3
900,89,79,52,10.0,15.5,10,1,0,1,1
901,145,71,43,8.0,9.0,5,1,1,0,3
902,100,75,45,10.0,12.0,10,1,1,1,5
903,135,72,45,10.0,14.5,2,1,0,1,2
904,93,59,44,5.0,14.5,10,1,0,1,3
905,87,58,38,6.0,12.0,15,1,0,0,8
906,138,66,44,14.0,4.5,2,1,0,1,8
907,108,66,42,6.0,3.5,3,1,1,0,7
908,85,61,45,6.0,13.5,15,1,0,1,6
909,109,79,45,13.0,14.5,5,0,0,1,3
910,180,81,53,9.0,8.0,7,1,1,0,1
911,80,56,37,6.0,12.0,10,1,1,0,8
912,185,75,48,10.0,7.0,3,1,1,1,4
913,110,71,43,10.0,14.5,20,0,0,1,3
914,87,59,44,6.0,13.5,10,1,0,1,1
915,108,64,43,9.0,3.5,10,0,0,0,7
916,112,74,44,11.0,12.7,10,1,0,1,5
917,103,70,44,10.0,15.5,7,1,0,1,1
918,128,83,44,10.0,7.0,2,1,0,1,5
919,107,67,46,8.0,13.5,7,0,0,1,1
920,120,75,45,10.0,14.5,10,0,0,1,3
921,83,55,38,7.0,11.0,10,1,1,0,8
922,100,60,39,9.0,15.5,10,1,0,1,1
923,127,79,46,10.0,17.0,5,1,0,1,2
924,80,59,39,6.0,8.0,15,0,0,1,1
925,210,71,45,15.0,9.0,1,1,1,1,4
926,74,51,35,6.0,13.5,10,1,0,0,6
927,155,77,50,8.0,8.0,5,0,1,1,1
928,138,69,45,9.0,4.5,5,1,0,1,8
929,130,60,42,7.0,9.0,10,1,1,0,3
930,144,66,45,8.0,9.0,7,1,1,1,3
931,102,58,41,6.0,11.0,5,1,1,1,8
932,89,58,42,6.0,9.0,10,0,0,0,4
933,116,85,45,10.0,12.0,15,0,0,1,7
934,105,78,54,9.0,11.0,10,1,1,1,5
935,89,64,39,8.0,14.5,5,0,0,0,2
936,128,85,52,10.0,14.5,10,0,0,0,3
937,150,84,48,10.0,13.5,10,0,0,0,6
938,120,68,45,8.0,10.5,5,0,0,1,3
939,105,68,41,8.0,17.0,5,1,0,0,2
940,165,74,46,10.0,5.0,10,1,0,1,4
941,110,76,45,10.0,14.5,10,0,0,1,3
942,75,51,34,6.0,14.5,7,0,0,1,3
943,92,60,45,6.0,15.5,5,1,0,1,1
944,129,99,55,11.0,10.5,15,1,0,0,3
945,105,55,40,6.0,9.0,7,0,0,1,4
946,80,50,34,6.0,11.5,10,1,0,1,6
947,132,78,46,10.0,12.5,12,1,0,0,2
948,105,75,42,8.0,13.5,10,0,0,1,6
949,92,68,44,10.0,10.5,10,0,0,1,7
950,101,65,44,8.0,11.5,7,1,0,1,6
951,81,54,36,6.0,10.0,10,1,0,1,6
952,140,68,47,8.0,9.0,5,1,1,1,4
953,140,82,61,6.0,3.5,7,1,1,1,7
954,118,74,52,9.0,7.5,7,0,1,1,8
955,127,82,50,10.0,10.5,7,0,0,0,3
956,112,74,52,7.0,11.0,5,1,1,0,8
957,160,80,52,9.0,7.5,7,1,1,0,3
958,130,78,46,11.0,13.5,10,1,0,1,1
959,125,77,44,10.0,14.5,7,1,0,1,2
960,82,70,40,8.0,17.0,7,0,0,1,2
961,158,78,51,8.0,9.0,7,1,1,1,4
962,140,75,40,11.0,13.0,5,0,0,1,5
963,270,105,74,10.0,5.0,1,1,1,1,4
964,110,67,45,8.0,13.5,5,0,0,1,1
965,120,64,43,7.0,9.0,5,0,0,1,4
966,730,134,102,10.0,9.0,10,1,1,1,4
967,100,77,45,8.0,12.0,15,0,0,0,7
968,77,59,38,6.0,12.0,10,0,1,0,7
969,130,79,44,10.0,13.5,10,0,0,1,6
970,150,71,44,9.0,8.0,5,1,1,1,1
971,176,104,55,11.0,9.0,5,1,0,1,3
972,87,60,43,6.0,12.0,5,0,0,1,7
973,79,57,43,6.0,10.5,10,0,1,1,3
974,156,79,54,8.0,9.0,10,1,1,1,3
975,185,79,47,10.0,3.0,3,1,1,1,1
976,102,65,44,7.0,15.5,5,1,0,1,1
977,200,88,60,7.0,3.0,5,1,1,1,1
978,90,66,43,9.0,15.5,10,1,0,0,1
979,310,100,62,17.0,4.5,15,1,0,1,8
980,155,60,40,8.0,7.5,5,1,1,1,3
981,130,70,45,9.0,10.5,15,1,0,1,3
982,122,75,46,11.0,13.5,15,1,0,1,6
983,210,79,53,8.0,7.0,5,1,1,1,4
984,83,52,34,6.0,14.5,10,0,0,0,3
985,90,63,44,6.0,17.0,5,1,0,1,2
986,95,63,39,8.0,17.0,1,1,0,1,2
987,78,56,39,6.0,12.0,5,1,1,0,7
988,115,74,45,10.0,12.7,15,1,0,1,5
989,110,67,41,9.0,13.5,10,0,0,0,6
990,86,58,38,6.0,11.5,7,1,0,1,6
991,107,57,41,6.0,12.5,10,1,1,1,3
992,80,60,45,6.0,13.5,5,0,0,1,6
993,93,58,42,6.0,12.0,5,0,1,0,7
994,98,64,43,7.0,12.0,15,1,0,1,7
995,230,80,46,13.0,5.0,4,1,1,1,4
996,95,72,43,12.0,12.7,7,0,0,0,5
997,170,106,64,13.0,12.0,15,1,0,1,8
998,170,79,50,9.0,4.5,2,1,0,0,8
999,140,68,46,7.0,9.0,10,1,0,1,4
1000,200,100,60,12.0,7.0,7,0,0,1,4
1001,82,60,41,6.0,11.5,5,1,1,1,6
1002,130,76,46,11.0,13.0,5,0,0,1,5
1003,87,60,43,6.0,13.5,10,0,0,1,6
1004,99,60,44,6.0,12.5,10,1,0,1,2
1005,100,72,42,10.0,14.5,20,0,0,0,3
1006,93,59,39,6.0,15.5,10,1,0,1,1
1007,83,56,37,6.0,10.0,15,1,0,1,6
1008,138,79,47,10.0,7.0,10,0,0,1,4
1009,133,85,50,9.0,12.0,10,0,0,1,7
1010,135,79,45,13.0,15.5,7,1,0,1,1
1011,150,76,50,8.0,9.0,7,1,1,1,4
1012,170,80,46,10.0,10.0,5,1,0,0,6
1013,110,57,40,5.0,7.5,7,1,1,0,3
1014,105,64,40,7.0,7.0,10,1,0,0,4
1015,110,71,44,8.0,15.5,7,0,0,1,1
1016,95,65,46,8.0,13.5,7,0,0,0,6
1017,115,57,38,8.0,12.0,5,1,0,1,7
1018,150,78,46,10.0,9.0,10,0,0,1,4
1019,190,73,41,11.0,3.5,1,1,1,1,7
1020,75,55,39,6.0,10.0,10,1,0,0,6
1021,125,78,45,10.0,12.0,7,0,0,1,7
1022,114,74,44,11.0,12.7,10,1,0,1,5
1023,97,68,46,8.0,12.0,5,1,0,1,5
1024,95,72,44,10.0,12.7,10,1,0,0,5
1025,130,79,45,10.0,12.0,5,1,0,1,5
1026,94,64,45,7.0,14.5,3,1,0,1,2
1027,160,80,54,9.0,9.0,10,1,1,1,3
1028,180,91,58,8.0,11.0,2,0,1,1,8
1029,100,65,39,8.0,14.5,10,0,0,1,2
1030,105,65,40,7.0,17.0,10,1,0,0,2
1031,110,75,45,10.0,12.7,10,1,0,1,5
1032,108,69,36,9.0,12.5,5,0,0,0,3
1033,92,57,40,6.0,12.5,2,1,1,1,3
1034,92,61,44,6.0,12.5,5,1,0,1,2
1035,181,86,51,11.0,10.5,10,0,0,0,3
1036,128,57,38,6.0,9.0,5,1,1,1,3
1037,120,77,51,12.0,4.5,7,0,1,1,8
1038,299,100,75,12.0,6.5,5,1,1,1,2
1039,105,76,40,11.0,12.7,5,0,0,1,5
1040,95,77,45,10.0,13.0,5,0,0,1,5
1041,92,58,42,6.0,13.5,7,1,1,1,1
1042,120,65,38,7.0,11.0,10,1,1,1,8
1043,85,56,42,6.0,12.0,10,1,1,1,8
1044,99,58,39,7.0,7.5,5,1,0,1,3
1045,105,61,38,8.0,17.0,5,1,0,0,2
1046,128,77,47,12.0,11.0,7,1,0,1,5
1047,114,75,45,10.0,12.7,15,0,0,1,5
1048,135,72,49,8.0,8.0,5,0,1,1,1
1049,163,73,48,9.0,7.5,5,0,1,1,8
1050,160,80,51,13.0,7.5,5,1,1,1,8
1051,85,67,46,6.0,12.0,15,1,0,1,5
1052,85,60,38,6.0,17.0,7,1,0,0,2
1053,145,81,43,10.0,17.0,3,1,0,0,2
1054,110,68,45,6.0,12.5,10,1,0,1,2
1055,460,153,84,18.0,9.0,5,1,1,1,4
1056,98,58,42,6.0,12.0,10,1,1,1,8
1057,100,83,53,10.0,12.0,15,0,0,0,7
1058,117,85,44,10.0,12.0,10,0,0,1,7
1059,80,58,43,5.0,7.0,7,1,0,1,5
1060,108,76,45,10.0,12.0,10,0,1,0,7
1061,91,60,45,6.0,10.5,5,0,0,1,3
1062,145,74,43,10.0,12.5,10,1,0,1,2
1063,108,56,41,6.0,3.5,5,1,1,0,7
1064,78,51,33,6.0,7.0,7,1,0,1,5
1065,82,60,42,6.0,12.5,10,1,0,0,2
1066,143,80,47,9.0,12.5,3,1,0,1,2
1067,227,104,54,10.0,10.5,8,1,0,1,3
1068,120,64,43,6.0,11.5,2,1,1,1,6
1069,105,53,36,5.0,7.5,10,1,1,0,3
1070,105,72,43,10.0,13.0,10,1,0,0,5
1071,83,55,37,6.0,12.0,5,1,1,1,7
1072,95,65,45,7.0,15.5,7,1,0,1,1
1073,85,61,45,6.0,13.5,10,1,0,1,6
1074,117,80,53,8.0,11.5,10,0,1,0,6
1075,124,80,51,9.0,6.0,10,0,1,1,6
1076,105,61,40,8.0,12.0,3,1,0,1,5
1077,107,77,46,10.0,12.0,10,1,0,1,5
1078,164,79,51,9.0,7.0,5,0,0,1,4
1079,113,63,42,9.0,7.0,5,0,0,1,4
1080,180,78,52,8.0,9.0,1,1,1,1,3
1081,79,51,34,6.0,13.5,10,1,0,1,6
1082,110,76,50,8.0,13.0,10,1,0,1,5
1083,150,66,47,9.0,7.0,3,1,0,1,4
1084,142,125,66,19.0,10.5,10,1,0,1,7
1085,99,58,44,6.0,10.5,10,1,0,1,3
1086,127,81,49,8.0,12.0,5,1,0,1,5
1087,80,52,35,6.0,14.5,12,0,0,1,3
1088,72,60,42,6.0,11.5,10,0,1,0,6
1089,119,80,45,13.0,14.5,5,0,0,1,3
1090,131,80,46,13.0,12.0,7,1,0,0,1
1091,119,80,48,10.0,12.7,12,1,0,1,5
1092,119,66,45,8.0,7.0,7,0,1,0,4
1093,125,93,66,9.0,6.0,5,1,1,0,6
1094,87,56,37,6.0,7.0,7,0,1,1,4
1095,117,70,39,8.0,12.5,12,1,1,1,2
1096,140,75,46,9.0,10.5,10,0,0,1,3
1097,120,80,50,8.0,10.5,5,0,1,1,3
1098,79,52,37,6.0,12.0,7,0,0,0,7
1099,140,67,46,8.0,8.0,5,1,0,0,1
1100,88,60,42,6.0,11.0,10,1,1,1,5
1101,120,75,45,10.0,13.5,10,0,0,1,6
1102,85,57,40,6.0,14.5,10,0,1,1,2
1103,115,73,52,9.0,10.5,15,1,1,1,3
1104,169,85,45,10.0,13.5,10,1,0,1,6
1105,150,106,63,12.0,13.5,10,0,0,1,6
1106,107,74,45,10.0,14.5,15,0,0,1,3
1107,150,70,50,9.0,7.5,7,1,1,1,3
1108,130,77,48,10.0,17.0,5,1,0,1,2
1109,309,107,72,17.0,10.5,1,1,1,1,3
1110,135,80,47,9.0,12.0,7,0,0,1,5
1111,110,75,44,10.0,17.0,5,0,0,0,2
1112,209,99,63,9.0,9.0,10,1,1,1,3
1113,83,60,44,6.0,17.0,10,1,0,1,4
1114,108,76,46,10.0,12.0,10,1,0,1,5
1115,98,63,39,7.0,14.5,10,0,0,0,3
1116,125,76,47,11.0,11.0,7,1,0,1,5
1117,180,90,56,11.0,9.0,15,1,0,0,3
1118,113,54,34,6.0,3.0,10,1,0,1,1
1119,252,132,74,23.0,12.5,3,1,1,0,3
1120,155,75,45,10.0,9.0,15,1,0,1,4
1121,212,112,60,17.0,7.0,10,1,0,1,4
1122,95,64,45,7.0,14.5,10,1,0,1,2
1123,118,75,44,9.0,7.0,5,0,0,1,5
1124,126,79,44,13.0,10.5,10,0,0,1,3
1125,71,54,34,6.0,7.0,7,0,0,0,5
1126,153,80,40,25.0,10.5,10,0,0,1,3
1127,78,51,34,6.0,13.0,5,0,0,1,5
1128,123,74,48,10.0,12.5,15,1,0,1,2
1129,108,66,43,11.0,13.5,10,1,0,1,6
1130,145,78,44,10.0,3.5,2,1,0,1,7
1131,78,55,37,6.0,10.5,7,1,0,1,7
1132,130,64,35,6.0,9.0,1,1,1,1,4
1133,92,63,39,8.0,14.5,5,0,0,0,2
1134,128,80,45,13.0,12.0,15,1,0,1,5
1135,160,98,50,12.0,10.0,10,1,0,1,6
1136,115,66,40,8.0,12.5,5,1,0,0,2
1137,81,56,41,5.0,6.0,10,0,1,1,6
1138,150,78,50,9.0,9.0,5,1,1,1,4
1139,130,87,57,7.0,13.5,7,1,1,0,1
1140,113,77,44,10.0,9.0,7,0,0,1,4
1141,70,52,34,6.0,12.0,10,1,0,0,7
1142,110,73,45,10.0,15.5,10,1,0,1,1
1143,105,77,40,10.0,12.0,15,0,0,1,7
1144,130,75,45,10.0,12.0,10,0,0,1,8
1145,85,58,39,7.0,7.0,5,1,0,1,5
1146,115,64,45,7.0,13.5,7,1,0,1,1
1147,108,66,43,7.0,17.0,5,1,0,1,4
1148,165,78,46,18.0,5.0,10,1,0,1,4
1149,85,60,43,7.0,12.0,5,0,0,1,7
1150,110,80,46,10.0,12.0,15,0,0,1,7
1151,110,68,46,8.0,13.5,10,0,0,1,6
1152,97,58,42,5.0,12.5,15,1,1,1,3
1153,90,65,46,7.0,14.5,5,1,0,1,2
1154,88,60,44,6.0,17.0,7,0,0,1,4
1155,110,75,43,10.0,13.5,15,0,0,1,6
1156,285,90,61,6.0,14.5,10,1,0,1,3
1157,120,75,48,11.0,3.0,15,1,1,1,1
1158,110,74,44,10.0,13.5,15,0,0,1,6
1159,135,74,42,10.0,7.5,5,1,1,1,8
1160,128,74,43,10.0,13.5,12,1,0,1,1
1161,142,90,51,12.0,12.0,10,0,1,1,7
1162,115,65,45,6.0,13.5,7,1,0,1,1
1163,210,72,49,7.0,7.5,5,1,1,1,3
1164,110,60,40,7.0,9.0,7,0,1,1,3
1165,371,120,59,15.0,7.0,10,0,0,1,4
1166,135,65,39,7.0,12.0,15,0,0,0,7
1167,143,74,45,11.0,11.0,5,1,0,1,5
1168,105,67,45,8.0,7.5,5,0,0,0,8
1169,165,75,45,10.0,12.5,5,1,0,1,2
1170,159,109,64,13.0,14.5,10,0,1,1,3
1171,125,68,48,7.0,3.0,15,1,1,1,1
1172,108,67,45,8.0,14.5,5,0,0,1,2
1173,94,61,44,6.0,12.5,10,1,0,1,2
1174,80,54,35,6.0,12.0,8,1,1,0,7
1175,75,56,38,6.0,10.0,7,1,0,1,6
1176,109,79,45,13.0,14.5,7,0,1,1,3
1177,99,65,46,6.0,17.0,7,1,0,1,2
1178,97,77,47,9.0,14.5,10,1,0,0,2
1179,138,66,44,9.5,4.5,3,1,0,1,8
1180,95,61,38,8.0,11.5,7,1,0,1,6
1181,127,73,43,11.0,13.0,5,1,1,1,5
1182,135,81,48,8.0,15.5,7,1,0,1,1
1183,86,58,44,6.0,17.0,5,1,0,1,4
1184,162,71,49,9.0,9.0,10,1,1,1,3
1185,115,77,45,7.0,9.0,5,1,0,0,4
1186,115,74,45,10.0,13.0,15,1,0,1,5
1187,105,63,39,8.0,12.5,10,1,0,1,2
1188,120,76,45,10.0,12.0,10,0,0,1,7
1189,98,65,44,9.0,14.5,7,0,0,1,3
1190,133,75,48,9.0,3.0,12,1,1,0,1
1191,112,65,44,9.0,13.5,1,1,0,0,1
1192,88,63,37,8.0,13.0,5,0,0,1,5
1193,90,55,36,6.0,12.5,10,1,0,1,3
1194,175,70,40,8.0,3.0,5,1,1,1,1
1195,130,68,41,10.0,10.5,5,0,0,1,3
1196,144,76,43,10.0,13.5,10,0,0,1,6
1197,200,78,50,7.0,8.0,10,1,1,1,1
1198,126,80,46,13.0,14.5,5,0,0,1,3
1199,85,58,41,7.0,14.5,10,0,0,1,2
1200,85,58,37,6.0,13.5,15,0,0,1,1
1201,105,53,36,5.0,7.5,10,1,1,0,3
1202,140,75,54,8.0,12.0,5,1,1,0,8
1203,145,80,46,10.0,3.5,2,1,0,0,7
1204,129,80,48,10.0,12.7,7,1,0,1,5
1205,170,80,53,9.0,8.0,3,1,0,1,1
1206,115,80,45,10.0,13.5,10,0,0,1,6
1207,81,59,42,6.0,12.0,10,1,1,1,1
1208,105,75,45,10.0,13.0,10,0,0,1,5
1209,94,64,45,6.0,12.5,12,1,0,1,2
1210,170,77,52,7.0,3.0,15,1,1,1,1
1211,127,74,53,8.0,11.0,10,1,1,1,8
1212,140,76,44,11.0,13.5,10,0,0,1,1
1213,145,75,45,10.0,7.0,15,1,0,1,4
1214,98,75,50,8.0,11.5,5,0,0,1,6
1215,113,69,47,8.0,17.0,3,1,0,1,4
1216,130,83,50,9.0,6.5,10,1,0,1,5
1217,113,78,47,10.0,12.0,10,1,0,1,5
1218,162,78,48,11.0,6.5,1,1,1,1,2
1219,100,64,41,7.0,12.0,5,1,0,1,7
1220,160,86,56,9.0,6.0,2,1,0,1,6
1221,135,80,51,13.0,13.5,5,0,0,1,1
1222,95,62,43,7.0,12.0,7,1,0,1,5
1223,86,56,34,7.0,7.5,10,0,0,0,8
1224,118,68,49,11.0,7.5,7,1,0,0,8
1225,93,65,39,8.0,12.5,7,0,0,1,2
1226,150,78,44,10.0,14.5,15,1,0,1,3
1227,145,82,47,10.0,14.5,15,1,0,1,3
1228,85,55,40,6.0,12.5,7,1,1,0,8
1229,139,86,51,10.0,10.5,7,0,0,1,7
1230,114,93,51,12.0,10.0,7,1,0,0,6
1231,101,66,39,8.0,17.0,10,1,0,1,2
1232,98,64,43,7.0,17.0,5,0,0,1,2
1233,153,66,43,9.0,5.0,10,1,1,1,4
1234,119,77,40,10.0,12.7,5,0,0,1,5
1235,130,82,37,12.0,6.0,10,1,0,1,6
1236,79,58,41,6.0,12.5,5,0,0,0,3
1237,127,92,50,11.0,6.5,10,1,0,1,5
1238,142,77,44,10.0,7.0,10,0,0,1,4
1239,127,65,43,7.0,9.0,5,0,0,1,4
1240,190,85,53,12.0,12.0,3,1,0,0,5
1241,160,79,54,9.0,7.0,3,1,0,1,4
1242,86,58,43,6.0,17.0,5,1,0,1,4
1243,99,62,45,6.0,13.5,10,1,0,1,6
1244,73,54,35,5.0,10.5,3,1,1,0,7
1245,138,77,45,11.0,10.5,10,1,0,1,7
1246,115,77,45,7.0,9.0,15,1,0,0,4
1247,103,67,43,9.0,15.5,7,1,0,1,1
1248,107,75,44,10.0,12.7,10,1,0,1,5
1249,110,78,48,14.0,12.0,10,1,0,1,5
1250,109,67,45,11.0,13.5,5,0,0,1,1
1251,120,77,48,8.0,12.0,15,1,1,1,8
1252,94,64,45,6.0,17.0,15,1,0,1,2
1253,117,78,45,11.0,13.0,10,0,0,1,5
1254,125,77,51,8.0,6.0,3,1,1,1,6
1255,92,63,38,8.0,12.0,10,0,0,1,7
1256,93,57,43,5.0,12.5,15,1,1,1,3
1257,103,78,54,11.0,12.0,15,1,1,0,5
1258,150,92,69,8.0,4.5,10,1,1,1,8
1259,95,63,39,8.0,12.0,10,1,0,1,7
1260,135,76,45,10.0,6.0,7,0,0,1,6
1261,120,78,43,12.0,14.5,15,0,0,1,3
1262,125,79,56,8.0,7.5,10,1,1,1,8
1263,77,51,34,6.0,7.0,7,1,0,1,5
1264,89,64,45,6.0,12.5,15,1,0,1,2
1265,108,80,48,8.0,12.0,10,0,0,1,7
1266,96,60,43,6.0,13.5,10,1,0,1,6
1267,110,74,53,8.0,11.0,15,1,1,0,8
1268,129,79,47,8.0,10.5,15,1,0,1,7
1269,85,69,48,6.0,12.0,10,0,0,1,7
1270,96,60,45,6.0,10.5,15,1,0,1,3
1271,122,79,48,10.0,12.7,12,1,0,1,5
1272,200,90,60,10.0,12.0,10,1,1,1,7
1273,104,80,45,13.0,13.0,5,0,0,1,5
1274,145,96,56,9.0,11.0,15,1,1,0,8
1275,120,74,53,8.0,10.5,10,1,1,1,7
1276,196,78,46,10.0,14.5,5,1,0,1,3
1277,135,75,43,11.0,12.7,15,1,0,1,5
1278,141,74,43,10.0,15.5,10,0,0,1,1
1279,96,60,45,6.0,12.0,5,0,0,1,7
1280,100,75,45,10.0,13.5,5,1,0,0,1
1281,82,55,36,6.0,10.0,7,1,0,0,6
1282,198,110,59,13.0,14.5,10,1,0,1,3
1283,108,78,47,10.0,12.0,3,1,0,0,5
1284,83,50,34,6.0,15.5,5,0,0,1,1
1285,131,78,46,10.0,17.0,5,1,0,1,2
1286,145,84,53,19.0,15.5,15,1,0,1,1
1287,107,56,32,5.0,7.5,7,1,1,0,3
1288,88,60,44,6.0,12.0,10,0,0,0,7
1289,104,77,45,10.0,12.7,15,1,0,0,5
1290,160,93,59,6.0,12.5,15,1,1,1,8
1291,89,60,38,6.0,13.5,7,1,0,1,6
1292,171,96,50,18.0,7.0,5,1,0,1,4
1293,84,60,45,6.0,13.5,7,0,0,1,6
1294,138,79,47,10.0,7.0,10,1,0,1,4
1295,70,58,41,6.0,14.5,10,0,1,1,3
1296,165,78,54,8.0,9.0,10,1,1,1,3
1297,130,65,44,9.0,9.0,5,1,0,1,4
1298,139,74,52,9.0,10.5,7,1,0,1,7
1299,140,81,55,8.0,9.0,7,0,1,0,3
1300,91,60,44,6.0,14.5,7,1,0,1,2
1301,83,60,38,9.0,12.0,10,1,0,0,5
1302,85,57,39,6.0,11.5,7,1,0,0,6
1303,175,112,78,16.0,7.0,10,1,1,1,4
1304,80,68,42,8.0,13.5,7,1,0,0,6
1305,85,58,40,5.0,14.5,10,0,1,1,2
1306,135,72,43,9.0,10.5,15,1,0,0,3
1307,197,101,60,15.0,7.0,7,0,1,1,4
1308,99,57,42,6.0,6.5,7,1,1,1,5
1309,165,65,45,9.0,9.0,10,1,1,1,3
1310,87,58,44,5.0,10.5,5,1,0,1,7
1311,105,54,34,6.0,3.5,7,1,0,1,7
1312,115,75,47,8.0,6.5,15,1,1,0,2
1313,140,77,46,10.0,8.0,10,1,0,1,1
1314,104,67,43,11.0,12.0,15,1,0,1,7
1315,143,85,52,9.0,5.0,8,1,1,1,4
1316,142,77,44,10.0,7.0,10,0,0,1,4
1317,130,78,53,9.0,3.5,10,1,1,1,7
1318,160,75,47,10.0,9.0,10,1,1,0,3
1319,115,80,54,12.0,12.7,5,0,0,1,5
1320,145,76,51,8.0,3.0,5,1,1,0,1
1321,317,135,70,20.0,9.0,2,1,0,1,3
1322,84,74,41,12.0,7.0,3,1,0,1,5
1323,124,96,52,10.0,13.5,5,1,0,1,1
1324,130,56,42,7.0,14.5,3,1,1,1,3
1325,135,65,38,8.0,7.5,10,1,1,1,3
1326,85,55,35,6.0,12.0,10,1,0,1,8
1327,103,64,45,7.0,13.5,15,1,0,1,1
1328,85,60,40,7.0,12.0,5,0,0,1,7
1329,160,72,50,9.0,7.5,5,0,1,1,8
1330,350,90,62,12.0,10.5,5,0,0,1,3
1331,101,55,38,6.0,7.0,10,1,0,0,4
1332,143,82,45,10.0,12.0,10,1,0,1,5
1333,80,51,34,6.0,13.5,15,0,0,1,1
1334,123,75,45,10.0,12.7,10,1,0,1,5
1335,215,67,42,9.0,7.5,3,1,1,1,3
1336,140,80,45,13.0,13.5,5,0,0,1,1
1337,90,59,45,6.0,12.0,5,0,0,0,8
1338,72,64,43,7.0,6.0,7,1,0,1,6
1339,130,78,53,13.0,3.5,10,1,1,1,7
1340,125,75,46,10.0,14.5,7,0,0,1,3
1341,115,74,48,11.0,13.0,15,1,0,1,5
1342,71,49,34,6.0,10.0,10,1,0,1,6
1343,85,60,43,6.0,12.0,5,1,1,1,7
1344,150,80,53,8.0,9.0,3,1,1,1,4
1345,180,71,47,7.0,7.5,10,1,1,1,3
1346,130,109,51,16.0,13.5,10,0,1,1,6
1347,180,83,58,10.0,3.0,10,1,1,1,1
1348,97,64,45,7.0,13.5,10,1,0,1,1
1349,107,75,45,9.0,13.0,15,1,0,1,5
1350,115,79,47,11.0,12.0,10,1,0,1,5
1351,156,70,48,7.0,9.0,2,1,0,1,4
1352,113,73,52,8.0,7.5,5,0,1,0,8
1353,115,77,44,7.0,12.0,10,1,1,1,8
1354,96,76,53,8.0,6.0,10,0,1,1,6
1355,240,81,54,8.0,9.0,3,1,1,0,3
1356,155,73,49,9.0,10.5,15,1,1,1,3
1357,130,77,45,10.0,12.0,7,1,0,1,5
1358,89,51,34,6.0,13.5,10,0,0,1,1
1359,133,75,52,9.0,3.0,15,1,1,0,1
1360,135,70,40,9.0,15.5,10,1,0,1,1
1361,89,65,40,8.0,13.0,7,0,0,1,5
1362,185,90,52,12.0,6.0,7,1,0,1,6
1363,110,66,43,7.0,13.5,15,0,0,1,1
1364,167,74,43,10.0,14.5,7,1,0,1,2
1365,190,78,46,10.0,8.0,10,1,1,1,1
1366,260,80,46,12.0,9.0,2,1,1,1,4
1367,74,53,34,6.0,10.5,7,0,1,0,3
1368,190,100,50,16.0,7.0,10,1,0,1,5
1369,147,75,45,10.0,7.0,15,1,0,1,4
1370,152,73,48,8.0,3.0,15,1,1,1,1
1371,93,60,43,6.0,17.0,15,0,0,1,2
1372,110,75,45,10.0,12.0,5,0,1,1,5
1373,110,60,37,9.0,12.5,7,1,0,1,2
1374,122,93,52,14.0,13.5,10,1,0,1,1
1375,130,73,47,9.0,11.0,10,1,1,1,5
1376,86,53,36,7.0,11.5,5,1,0,0,6
1377,115,64,38,8.0,14.5,7,1,0,1,3
1378,85,50,35,6.0,11.0,8,0,0,1,8
1379,77,55,38,6.0,7.5,10,1,0,0,8
1380,83,53,34,6.0,14.5,8,0,0,0,3
1381,140,73,44,10.0,10.5,5,1,1,0,3
1382,84,58,43,6.0,14.5,5,0,0,1,3
1383,80,56,44,6.0,11.0,8,1,1,0,5
1384,95,72,43,12.0,12.7,7,0,0,0,5
1385,90,58,42,6.0,10.5,15,1,1,1,3
1386,116,82,44,10.0,12.7,15,1,0,1,5
1387,110,74,45,12.0,12.7,1,1,0,0,5
1388,145,69,47,7.0,3.5,10,1,1,1,7
1389,108,64,40,9.0,12.0,10,0,0,1,1
1390,100,83,48,10.0,12.0,15,0,0,0,7
1391,110,80,43,10.0,12.0,15,0,0,1,7
1392,128,68,50,9.0,12.5,5,0,0,1,3
1393,137,77,54,8.0,3.5,10,1,1,1,7
1394,105,65,47,9.0,12.5,5,1,0,1,2
1395,125,60,41,6.0,3.0,7,1,0,1,1
1396,110,76,45,10.0,14.5,15,0,0,1,3
1397,147,80,50,8.0,7.5,5,0,0,1,8
1398,94,63,39,8.0,14.5,5,0,0,1,2
1399,94,56,33,8.0,11.5,3,1,0,1,6
1400,201,82,55,9.0,13.5,7,1,0,1,1
1401,135,78,44,10.0,15.5,10,1,1,1,1
1402,145,78,47,8.0,11.0,8,1,1,1,8
1403,99,72,43,10.0,12.7,10,1,0,1,5
1404,138,65,44,9.0,4.5,2,1,0,1,8
1405,90,56,42,6.0,12.5,7,1,1,1,3
1406,85,64,45,6.0,13.0,5,0,0,1,5
1407,145,85,52,11.0,14.5,5,0,0,1,3
1408,135,77,41,11.0,13.0,10,1,0,1,5
1409,127,78,46,10.0,17.0,5,1,0,1,2
1410,189,80,52,10.0,7.0,1,1,1,1,4
1411,145,72,50,7.0,4.5,5,1,1,0,8
1412,126,68,47,8.0,8.0,5,0,0,1,1
1413,105,65,40,8.0,13.5,7,1,0,1,6
1414,90,60,40,8.0,13.5,5,1,0,0,6
1415,115,81,47,9.0,12.7,10,1,0,0,5
1416,110,57,37,7.0,9.0,1,1,1,1,4
1417,90,54,42,6.0,17.0,10,1,0,1,4
1418,215,76,55,8.0,7.5,2,1,1,1,3
1419,180,71,42,8.0,7.0,15,0,0,1,4
1420,115,80,41,13.0,12.0,15,1,0,1,5
1421,105,63,42,8.0,12.0,15,1,1,1,1
1422,115,78,44,10.0,12.0,7,1,0,1,5
1423,101,55,39,6.0,4.5,12,1,1,0,8
1424,152,108,56,15.0,11.0,5,1,1,1,5
1425,160,92,69,14.0,4.5,10,1,1,1,8
1426,95,65,47,8.0,13.5,5,1,0,1,6
1427,119,74,52,8.0,10.5,10,1,1,1,7
1428,170,82,52,20.0,5.0,1,1,0,1,4
1429,115,78,48,10.0,12.0,10,0,0,0,7
1430,205,93,66,9.0,9.0,10,1,1,1,3
1431,75,79,47,8.0,17.0,10,0,0,1,2
1432,105,65,40,8.0,17.0,10,1,0,1,2
1433,240,106,60,17.0,4.5,10,1,1,1,8
1434,180,73,46,10.0,7.5,3,1,1,1,3
1435,96,60,45,6.0,12.0,5,0,0,1,7
1436,155,81,44,10.0,13.5,10,0,0,1,6
1437,140,81,50,13.0,15.5,2,1,0,1,1
1438,125,64,43,7.0,4.5,10,1,0,1,8
1439,114,59,39,6.0,3.5,5,1,0,1,7
1440,96,60,40,8.0,12.5,10,1,0,1,2
1441,110,65,40,8.0,12.5,5,1,0,0,2
1442,137,76,50,15.0,11.0,7,1,1,1,8
1443,87,60,43,6.0,13.5,10,0,0,1,1
1444,139,72,45,9.0,10.5,7,1,0,1,7
1445,107,76,44,9.0,13.0,15,1,0,1,5
1446,147,77,44,10.0,13.0,2,1,0,1,5
1447,153,86,55,10.0,6.5,5,0,1,1,2
1448,132,74,53,7.0,4.5,7,1,1,1,8
1449,108,75,54,9.0,17.0,5,1,0,0,2
1450,142,84,53,10.0,15.5,15,1,0,1,1
1451,105,58,41,6.0,7.5,10,1,1,1,3
1452,127,119,68,15.0,15.5,10,1,0,1,1
1453,112,68,41,10.0,12.0,10,1,0,1,7
1454,113,77,46,10.0,13.0,15,1,0,1,5
1455,145,75,45,10.0,7.0,15,1,0,1,4
1456,92,60,40,6.0,12.0,10,0,0,1,7
1457,75,55,36,6.0,11.5,10,1,1,1,6
1458,94,64,38,9.0,12.0,11,0,0,1,7
1459,145,81,46,10.0,15.5,5,1,0,1,1
1460,168,105,56,12.0,9.0,5,1,0,1,3
1461,85,61,43,6.0,12.0,15,1,0,1,7
1462,80,54,37,6.0,12.0,7,1,1,0,7
1463,175,95,48,12.0,10.0,2,1,0,0,6
1464,160,119,68,10.0,11.0,7,1,1,0,8
1465,79,51,34,6.0,12.0,7,0,0,1,7
1466,75,53,35,7.0,11.5,5,1,1,0,6
1467,118,74,44,10.0,12.7,4,1,0,1,5
1468,149,92,50,14.0,10.0,7,1,1,1,6
1469,105,68,43,9.0,13.5,10,1,0,1,6
1470,82,60,44,6.0,14.5,7,0,0,1,3
1471,108,58,40,6.0,10.5,7,1,1,1,3
1472,83,51,34,6.0,15.5,3,1,0,1,1
1473,95,63,42,8.0,3.5,5,1,1,1,7
1474,123,75,45,10.0,12.7,10,1,0,1,5
1475,96,68,45,10.0,12.5,15,0,0,1,3
1476,135,80,48,8.0,13.0,7,1,0,0,5
1477,112,68,44,9.0,7.5,7,1,0,1,8
1478,110,74,45,10.0,12.0,15,0,0,1,7
1479,114,68,44,8.0,10.5,10,1,0,1,7
1480,125,85,46,10.0,12.0,5,0,0,1,7
1481,111,75,42,11.0,14.5,3,0,1,1,3
1482,98,61,38,8.0,12.0,15,1,0,1,1
1483,90,57,42,6.0,11.0,5,1,1,1,5
1484,135,81,44,10.0,14.5,7,0,0,1,3
1485,130,74,50,8.0,10.5,5,0,1,1,7
1486,99,60,39,8.0,12.0,5,0,0,1,1
1487,174,130,71,16.0,14.5,4,0,0,1,3
1488,115,78,46,10.0,12.7,3,1,0,1,5
1489,170,85,50,9.0,13.5,9,0,1,1,1
1490,98,70,39,9.0,11.5,2,1,0,0,6
1491,90,72,53,10.0,11.5,5,0,1,1,6
1492,130,84,54,8.0,6.5,15,1,1,1,2
1493,155,64,36,8.0,8.0,7,1,1,0,1
1494,130,78,51,8.0,10.5,10,0,1,1,3
1495,75,55,36,6.0,13.5,15,0,1,0,1
1496,127,74,44,8.0,11.0,10,1,1,0,8
1497,105,75,50,8.0,6.5,15,1,1,0,5
1498,77,58,42,6.0,12.5,5,0,0,0,3
1499,102,58,40,6.0,10.5,5,1,1,0,3
1500,93,59,38,6.0,13.5,10,1,1,0,6
1501,140,89,51,10.0,12.0,3,1,0,1,7
1502,121,81,46,8.0,12.0,2,1,0,1,5
1503,80,60,44,6.0,13.5,10,0,0,1,6
1504,68,57,37,6.0,13.5,15,1,0,0,6
1505,147,65,46,8.0,3.0,10,1,0,1,1
1506,165,78,52,12.0,7.5,5,0,0,1,8
1507,110,63,43,9.0,15.5,3,1,0,0,1
1508,126,119,67,17.0,15.5,10,1,0,0,1
1509,95,68,45,9.0,14.5,10,0,0,1,2
1510,130,83,46,10.0,10.5,1,1,0,1,7
1511,93,64,38,8.0,14.5,10,1,0,1,2
1512,115,77,46,10.0,13.5,10,0,0,1,6
1513,116,66,47,8.0,12.0,10,0,0,1,7
1514,95,60,43,6.0,17.0,10,1,0,1,4
1515,108,57,40,6.0,9.0,3,1,1,1,4
1516,151,86,54,10.0,10.5,5,0,0,1,3
1517,150,80,44,12.0,11.5,5,0,0,1,6
1518,114,83,46,12.0,7.0,10,1,0,1,4
1519,86,61,43,6.0,13.5,15,1,0,1,6
1520,150,67,39,8.0,12.0,5,1,0,1,8
1521,113,75,51,9.0,7.5,10,1,1,0,8
1522,101,62,43,6.0,12.0,15,1,0,1,7
1523,75,59,43,5.0,13.5,10,0,0,0,6
1524,130,79,46,10.0,13.0,10,0,1,1,5
1525,131,84,60,10.0,9.0,10,1,0,1,4
1526,115,74,54,9.0,11.0,12,1,1,0,8
1527,135,74,48,10.0,7.5,3,1,1,0,3
1528,477,119,93,15.0,9.0,1,1,0,1,3
1529,103,63,38,9.0,12.5,10,1,0,1,2
1530,77,58,37,5.0,7.0,12,0,0,1,5
1531,140,78,48,11.0,12.7,8,1,0,1,5
1532,85,59,40,5.0,12.5,5,0,0,1,3
1533,415,152,80,17.0,3.0,5,1,0,1,1
1534,159,75,48,9.0,8.0,10,1,1,1,1
1535,126,83,50,9.0,14.5,15,1,0,0,2
1536,91,65,39,8.0,13.0,5,0,0,1,5
1537,118,64,43,9.0,10.5,7,0,0,1,3
1538,105,63,43,7.0,10.5,15,1,0,1,3
1539,79,56,37,6.0,11.5,5,1,0,1,6
1540,110,67,44,9.0,11.5,10,0,0,1,6
1541,220,107,71,9.0,9.0,10,1,1,1,3
1542,155,85,47,11.0,12.7,5,1,0,1,5
1543,100,58,30,6.0,17.0,1,1,0,1,4
1544,95,82,50,10.0,12.0,10,0,0,1,5
1545,116,68,43,8.0,6.5,10,1,1,1,5
1546,120,69,45,9.0,7.5,5,1,0,0,8
1547,93,57,40,6.0,3.5,7,1,1,1,7
1548,98,60,47,6.0,14.5,7,1,1,0,3
1549,125,78,44,13.0,12.0,5,1,0,1,1
1550,85,59,44,6.0,7.0,1,1,0,1,5
1551,73,50,35,7.0,17.0,5,1,0,0,4
1552,120,83,49,9.0,12.0,10,0,0,1,7
1553,230,95,64,10.0,10.5,15,1,1,1,3
1554,170,98,73,12.0,6.0,1,1,1,0,6
1555,162,86,58,9.0,12.0,8,1,1,1,8
1556,105,75,45,10.0,17.0,7,0,0,1,2
1557,84,57,42,6.0,7.5,5,0,1,1,8
1558,128,84,53,10.0,12.0,5,1,0,1,1
1559,135,80,45,10.0,10.5,5,0,0,1,7
1560,175,81,47,10.0,14.5,10,0,1,1,3
1561,102,60,40,8.0,8.0,5,0,1,1,1
1562,87,55,36,6.0,3.5,10,1,1,1,7
1563,118,71,41,8.0,12.0,15,0,0,1,7
1564,118,63,38,8.0,14.5,5,1,0,1,3
1565,103,74,45,8.0,12.0,5,1,1,0,8
1566,120,67,46,10.0,9.0,10,1,0,1,4
1567,92,60,44,6.0,15.5,3,1,0,1,1
1568,200,101,68,10.0,11.0,10,1,1,1,8
1569,96,63,38,8.0,12.5,15,1,0,1,2
1570,140,66,43,7.0,8.0,10,0,0,1,1
1571,145,73,50,9.0,9.0,7,1,1,0,3
1572,115,56,39,5.0,4.5,15,1,1,1,8
1573,207,134,77,21.0,15.5,5,1,0,1,1
1574,115,65,39,8.0,13.0,10,0,0,1,5
1575,118,79,45,13.0,15.5,10,1,0,1,1
1576,85,55,38,6.0,10.5,5,0,1,0,3
1577,160,80,55,8.0,8.0,15,1,1,1,1
1578,129,80,46,10.0,12.0,10,0,0,1,7
1579,107,72,43,10.0,13.0,5,0,0,0,5
1580,95,67,45,10.0,12.0,10,0,0,1,8
1581,108,79,47,8.0,14.5,3,0,0,0,2
1582,84,62,44,7.0,14.5,10,0,0,1,3
1583,73,77,45,10.0,5.0,7,1,0,1,4
1584,160,68,40,9.0,9.0,10,1,1,1,4
1585,190,112,55,16.0,7.0,10,1,0,1,5
1586,145,85,52,11.0,14.5,5,0,0,1,3
1587,97,76,44,10.0,12.0,10,1,0,0,5
1588,144,95,62,11.0,10.0,10,1,0,1,6
1589,110,77,46,8.0,12.0,12,0,0,0,7
1590,142,78,46,9.0,10.5,10,1,1,1,7
1591,123,58,40,7.0,13.5,5,0,1,1,1
1592,95,60,43,6.0,9.0,5,0,0,1,4
1593,106,72,52,9.0,11.5,7,0,1,1,6
1594,95,62,38,8.0,12.5,3,1,0,0,2
1595,245,85,54,12.0,9.0,7,1,1,1,4
1596,86,59,42,5.0,11.5,10,1,0,1,6
1597,92,60,44,6.0,12.0,5,0,0,1,7
1598,160,57,42,8.0,3.5,5,1,1,1,7
1599,156,90,51,13.0,10.0,5,1,0,1,6
1600,340,121,72,13.0,12.5,3,1,1,1,3
1601,117,82,44,10.0,13.0,2,1,0,1,5
1602,111,64,40,7.0,17.0,10,1,0,0,2
1603,115,62,38,8.0,11.5,5,1,0,1,6
1604,118,72,43,10.0,12.7,2,1,0,0,5
1605,126,74,43,10.0,12.5,3,1,0,1,2
1606,155,72,53,8.0,3.0,10,1,1,1,1
1607,200,85,54,14.0,14.5,15,1,0,1,3
1608,112,66,44,7.0,8.0,20,1,0,1,1
1609,115,86,67,13.0,13.5,15,0,0,1,6
1610,150,54,39,6.0,7.0,3,1,1,1,4
1611,155,75,44,10.0,9.0,5,0,1,1,4
1612,410,102,75,10.0,6.5,5,1,1,1,5
1613,220,98,60,9.0,4.5,10,1,1,1,8
1614,95,60,37,8.0,12.5,15,1,0,1,2
1615,118,75,46,10.0,17.0,5,1,0,1,2
1616,100,66,44,6.0,12.5,10,1,0,1,2
1617,110,79,47,8.0,14.5,3,0,0,0,2
1618,80,58,43,6.0,11.5,10,1,0,1,6
1619,130,74,45,10.0,12.0,1,1,0,1,1
1620,163,72,43,9.0,7.0,10,0,1,1,4
1621,95,63,40,8.0,12.5,10,1,0,1,2
1622,83,60,42,6.0,12.0,7,0,0,1,8
1623,185,86,47,8.0,3.0,3,1,1,1,1
1624,93,57,43,6.0,10.5,15,0,0,1,3
1625,90,78,45,10.0,13.5,10,0,0,1,6
1626,125,80,45,11.0,12.0,2,1,0,1,5
1627,106,63,44,7.0,12.5,10,1,0,1,2
1628,103,75,45,10.0,12.0,5,0,1,1,5
1629,93,64,44,6.0,17.0,5,1,0,1,2
1630,250,78,47,10.0,10.5,7,1,0,1,3
1631,117,78,44,10.0,12.0,5,1,0,1,5
1632,145,74,45,10.0,15.5,15,1,0,1,1
1633,164,72,48,7.0,3.5,5,1,1,1,7
1634,130,74,48,12.0,12.0,15,1,1,1,8
1635,78,55,37,6.0,11.5,2,1,1,1,6
1636,140,66,42,8.0,7.0,2,1,1,0,4
1637,110,77,40,12.0,12.7,15,1,0,1,5
1638,140,84,48,9.0,12.0,10,0,1,1,7
1639,92,70,50,6.0,12.0,5,0,0,1,7
1640,98,60,43,7.0,13.5,10,1,0,1,6
1641,107,73,47,9.0,17.0,15,0,1,0,2
1642,122,81,46,13.0,12.0,15,1,0,1,5
1643,220,100,49,13.0,14.5,10,1,1,1,3
1644,100,60,39,6.0,17.0,5,1,0,1,4
1645,93,62,38,7.0,17.0,3,1,0,1,4
1646,95,61,43,6.0,12.0,15,1,0,0,7
1647,315,118,54,12.0,3.5,2,1,1,1,7
1648,83,57,44,6.0,17.0,10,0,0,1,4
1649,114,75,44,10.0,12.7,7,1,0,1,5
1650,200,72,46,9.0,9.0,10,1,1,1,3
1651,270,97,56,18.0,8.0,10,1,1,1,1
1652,100,76,45,10.0,12.7,15,1,0,1,5
1653,160,87,56,9.0,3.0,10,1,0,1,1
1654,131,74,43,10.0,13.5,15,1,0,1,1
1655,116,77,45,18.0,6.0,7,0,0,1,6
1656,530,150,80,15.0,7.5,7,1,1,1,3
1657,100,75,45,9.0,14.5,10,0,0,1,3
1658,82,62,32,7.0,6.0,5,1,1,0,6
1659,105,66,44,7.0,13.5,7,1,0,1,6
1660,260,135,75,20.0,12.5,3,1,1,0,3
1661,108,66,44,7.0,17.0,5,1,0,1,4
1662,133,83,45,10.0,13.0,10,1,0,0,5
1663,93,61,38,8.0,13.0,7,0,0,1,5
1664,114,77,45,10.0,12.0,10,0,0,1,7
1665,98,79,48,10.0,12.0,10,1,1,1,5
1666,85,58,43,5.0,7.0,5,0,0,1,4
1667,125,83,53,10.0,5.0,12,1,0,0,4
1668,120,59,45,6.0,3.0,3,1,0,1,1
1669,82,62,44,6.0,12.5,10,0,0,0,2
1670,128,65,44,7.0,9.0,5,0,0,1,4
1671,130,72,44,9.0,6.0,5,1,1,1,6
1672,114,76,45,10.0,12.0,15,0,0,1,7
1673,70,50,32,5.0,11.5,7,0,1,0,6
1674,115,59,39,6.0,10.0,10,1,0,0,6
1675,99,75,45,10.0,14.5,15,0,0,1,3
1676,110,65,39,9.0,12.5,2,1,0,0,2
1677,120,67,45,7.0,13.5,10,1,0,1,1
1678,110,60,44,6.0,7.0,5,0,0,1,4
1679,83,49,34,6.0,15.5,5,1,0,1,1
1680,106,67,45,9.0,12.0,7,0,0,1,7
1681,120,80,48,13.0,12.0,10,1,0,1,5
1682,120,77,45,10.0,7.0,10,1,0,1,4
1683,95,62,45,7.0,12.5,10,1,1,1,2
1684,145,76,44,24.0,12.7,2,1,0,0,5
1685,91,61,44,7.0,13.5,5,1,0,1,6
1686,82,62,44,6.0,13.5,10,0,0,1,6
1687,137,69,44,10.0,9.0,10,1,0,1,4
1688,88,60,44,6.0,13.5,10,0,0,1,1
1689,82,56,42,6.0,10.0,10,1,0,0,6
1690,145,94,50,12.0,17.0,10,1,1,1,4
1691,100,60,43,7.0,12.5,5,1,0,1,2
1692,138,86,54,10.0,6.0,5,0,1,1,6
1693,111,57,40,6.0,9.0,3,1,1,1,4
1694,89,64,45,7.0,12.0,5,1,0,1,5
1695,144,80,48,13.0,15.5,10,1,0,1,1
1696,79,65,45,7.0,6.0,7,1,0,1,6
1697,105,66,44,7.0,13.5,7,0,0,1,1
1698,95,57,42,6.0,6.5,7,1,1,1,5
1699,220,77,49,10.0,7.5,5,1,1,1,8
1700,107,69,45,10.0,12.0,10,1,0,1,7
1701,180,90,58,8.0,10.5,2,1,0,1,3
1702,92,59,41,6.0,7.5,12,1,0,1,3
1703,110,65,44,8.0,10.5,10,1,1,1,7
1704,150,78,54,7.0,3.5,15,0,1,1,7
1705,115,68,43,9.0,6.5,5,1,0,1,2
1706,83,59,44,6.0,13.5,10,0,0,1,6
1707,164,101,51,15.0,12.7,5,1,0,1,5
1708,125,78,38,11.0,12.7,10,1,0,1,5
1709,93,64,45,7.0,14.5,3,1,0,1,2
1710,140,70,51,8.0,12.5,10,1,1,1,8
1711,94,64,45,7.0,14.5,10,0,0,1,3
1712,120,63,40,8.0,6.0,7,1,1,1,6
1713,135,73,53,8.0,11.0,15,1,1,1,8
1714,105,73,45,8.0,11.0,10,1,0,0,5
1715,155,73,49,9.0,10.5,15,1,1,1,3
1716,127,77,40,11.0,13.0,10,0,0,1,5
1717,129,72,44,10.0,6.0,5,1,0,0,6
1718,145,62,41,9.0,9.0,5,1,0,1,3
1719,125,74,45,10.0,14.5,15,0,0,1,3
1720,95,54,36,5.0,3.5,15,1,1,1,7
1721,112,76,46,10.0,12.0,10,0,0,1,7
1722,90,60,38,8.0,12.0,10,0,0,0,8
1723,140,67,46,9.0,8.0,15,1,0,1,1
1724,112,66,41,8.0,17.0,5,1,0,0,2
1725,123,70,47,8.0,12.0,7,0,0,1,7
1726,85,55,41,5.0,11.0,5,0,1,1,8
1727,82,56,39,6.0,10.0,5,1,0,1,6
1728,132,94,60,11.0,6.5,3,1,0,0,5
1729,74,56,37,6.0,15.5,7,0,1,0,1
1730,84,57,42,5.0,12.7,10,1,1,1,5
1731,115,65,47,8.0,13.5,3,1,1,1,1
1732,132,80,54,10.0,12.0,10,1,0,1,1
1733,115,64,38,8.0,17.0,5,1,0,1,2
1734,240,106,71,9.0,9.0,10,1,1,1,3
1735,125,77,46,10.0,13.5,5,0,1,1,6
1736,90,61,43,6.0,14.5,10,1,0,1,2
1737,95,63,38,8.0,12.5,5,1,0,1,2
1738,128,68,44,11.0,4.5,12,1,0,0,8
1739,137,83,48,12.0,15.5,10,1,0,1,1
1740,90,64,39,9.0,6.0,5,0,1,1,6
1741,105,58,43,6.0,3.5,12,1,1,1,7
1742,84,58,42,5.0,7.5,15,1,1,1,8
1743,98,66,44,7.0,11.5,10,1,0,1,6
1744,115,79,45,13.0,13.0,7,0,0,1,5
1745,352,108,81,16.0,4.5,10,1,1,1,8
1746,131,79,45,12.0,14.5,5,0,0,1,3
1747,165,90,65,8.0,6.0,2,1,1,1,6
1748,123,77,46,10.0,13.0,10,1,0,1,5
1749,115,60,44,6.0,6.5,5,1,0,1,2
1750,85,56,36,5.0,10.5,15,0,0,1,3
1751,72,54,35,6.0,13.5,10,1,0,1,6
1752,195,86,60,10.0,9.0,5,0,1,1,3
1753,123,81,48,9.0,12.0,20,0,0,0,7
1754,110,77,46,10.0,12.7,7,0,0,1,5
1755,137,80,50,12.0,10.5,15,1,1,1,3
1756,85,58,39,6.0,12.5,10,1,0,0,2
1757,160,90,60,12.0,12.7,1,1,1,1,5
1758,170,75,55,8.0,9.0,7,1,1,1,4
1759,125,63,43,6.0,17.0,5,1,1,1,4
1760,178,74,46,9.0,3.0,3,1,1,0,1
1761,200,113,64,11.0,13.5,10,0,0,1,6
1762,80,56,38,5.0,11.5,10,1,0,1,6
1763,170,79,52,9.0,9.0,7,1,0,1,4
1764,80,60,44,6.0,13.5,7,0,0,1,6
1765,112,67,38,7.0,10.5,10,0,1,1,3
1766,81,53,34,6.0,12.5,10,1,0,0,2
1767,82,60,42,7.0,13.5,5,0,0,1,6
1768,85,57,43,6.0,12.0,12,1,1,0,7
1769,120,76,49,9.0,3.0,10,1,1,0,1
1770,95,58,39,6.0,9.0,5,1,0,0,4
1771,160,73,41,8.0,7.0,5,0,0,0,4
1772,75,54,36,6.0,10.0,7,1,0,1,6
1773,110,74,44,10.0,13.0,7,1,0,1,5
1774,122,64,46,8.0,12.5,7,0,0,1,3
1775,179,73,47,6.0,3.0,10,1,1,1,1
1776,82,57,42,5.0,12.7,10,1,1,1,5
1777,113,80,46,10.0,13.0,10,0,0,1,5
1778,124,79,44,13.0,12.0,10,1,0,1,1
1779,115,79,48,9.0,13.0,7,1,0,1,5
1780,145,88,52,12.0,6.5,7,1,1,1,5
1781,150,76,45,10.0,9.0,5,0,0,1,4
1782,140,79,53,8.0,7.0,2,1,0,0,4
1783,160,84,50,9.0,12.7,1,1,0,1,5
1784,96,59,42,6.0,13.5,7,1,0,1,6
1785,95,60,43,7.0,12.5,5,1,0,1,2
1786,120,74,51,8.0,7.0,5,0,1,1,4
1787,119,77,53,8.0,10.5,10,1,1,0,7
1788,167,74,45,11.0,5.0,10,1,0,1,4
1789,210,71,45,6.0,9.0,1,1,1,1,4
1790,173,80,50,8.0,6.0,10,1,1,1,6
1791,132,78,46,14.0,12.5,12,1,0,0,2
1792,145,63,41,8.0,3.5,3,1,0,1,7
1793,199,70,46,8.0,7.5,7,1,1,1,3
1794,82,55,34,5.0,10.5,5,0,1,1,3
1795,113,84,54,10.0,13.0,5,0,0,1,5
1796,129,60,41,6.0,3.0,7,1,0,0,1
1797,105,64,38,8.0,14.5,10,0,0,1,2
1798,110,75,45,8.0,13.5,10,0,0,0,6
1799,119,68,45,8.0,6.0,10,1,0,1,6
1800,117,81,46,10.0,12.5,10,1,0,1,2
1801,88,59,44,6.0,14.5,10,1,0,1,3
1802,250,92,57,11.0,9.0,3,1,1,1,3
1803,92,62,39,7.0,12.0,10,1,0,1,5
1804,99,66,41,8.0,13.5,15,1,1,1,1
1805,85,53,34,6.0,10.5,3,1,0,1,7
1806,88,60,43,6.0,12.5,5,1,0,1,2
1807,92,63,38,8.0,14.5,5,0,0,0,2
1808,75,56,37,5.0,10.0,10,1,0,0,6
1809,92,65,45,7.0,12.5,5,1,0,1,2
1810,170,86,56,10.0,12.0,2,1,0,1,5
1811,222,134,75,16.0,12.0,5,1,0,1,7
1812,95,51,34,6.0,12.0,5,0,0,1,8
1813,70,60,43,6.0,17.0,10,1,0,1,2
1814,270,82,49,13.0,8.0,15,1,0,1,1
1815,85,65,46,7.0,13.0,7,0,0,1,5
1816,142,83,45,10.0,12.7,15,1,0,1,5
1817,95,65,46,8.0,12.5,10,1,0,1,2
1818,96,65,40,8.0,14.5,15,1,0,0,2
1819,121,80,45,13.0,14.5,5,0,0,1,3
1820,170,68,39,10.0,4.5,10,1,1,0,8
1821,100,77,50,6.0,3.5,3,1,1,1,7
1822,115,67,42,9.0,3.5,7,1,1,1,7
1823,79,60,43,5.0,12.0,10,0,0,0,7
1824,108,65,40,8.0,17.0,5,1,0,1,2
1825,300,127,66,15.0,12.5,5,1,1,1,3
1826,130,57,42,6.0,4.5,5,1,1,1,8
1827,96,60,43,6.0,14.5,7,1,0,1,2
1828,197,70,46,7.0,4.5,3,1,1,1,8
1829,80,59,43,6.0,13.5,5,0,0,1,6
1830,138,95,63,9.0,10.0,10,1,0,1,6
1831,102,64,47,6.0,17.0,10,1,0,1,4
1832,210,80,49,10.0,12.5,5,1,1,1,3
1833,103,64,44,10.0,15.5,7,1,0,1,1
1834,245,83,48,12.0,7.5,10,1,1,1,8
1835,147,80,45,13.0,4.5,15,1,0,1,8
1836,90,61,44,6.0,12.0,5,1,0,0,8
1837,176,86,54,8.0,9.0,10,1,1,1,4
1838,127,74,45,11.0,12.0,10,0,0,0,1
1839,98,58,43,6.0,14.5,10,0,0,1,3
1840,87,54,34,6.0,17.0,1,1,0,1,4
1841,149,77,45,10.0,13.0,2,1,0,1,5
1842,91,64,45,7.0,14.5,10,1,0,1,2
1843,115,78,46,10.0,12.0,15,0,0,1,7
1844,140,82,49,8.0,13.0,5,1,0,1,5
1845,90,59,45,6.0,15.5,5,0,0,1,1
1846,145,69,43,7.0,3.5,3,1,1,1,7
1847,82,59,38,6.0,13.5,5,1,0,1,6
1848,79,51,34,6.0,13.5,10,1,0,1,6
1849,150,69,46,8.0,7.5,7,1,1,1,3
1850,86,54,36,6.0,9.0,15,0,1,0,3
1851,155,85,49,9.0,12.0,5,1,1,1,7
1852,127,74,42,9.0,12.0,5,1,0,1,1
1853,94,72,46,10.0,14.5,9,0,0,1,3
1854,185,91,50,12.0,10.5,10,1,0,1,3
1855,122,79,45,13.0,12.0,10,1,0,1,1
1856,110,67,49,6.0,12.5,10,1,1,0,3
1857,150,76,45,10.0,13.5,10,1,0,1,1
1858,90,67,40,8.0,12.0,5,1,0,1,5
1859,117,76,43,10.0,12.0,5,1,0,1,5
1860,82,58,35,11.0,12.5,10,0,0,0,3
1861,82,60,45,6.0,13.5,10,0,0,1,6
1862,95,57,41,6.0,4.5,7,1,1,0,8
1863,155,75,43,8.0,7.0,5,0,0,1,4
1864,95,66,39,8.0,14.5,15,1,0,1,2
1865,75,56,37,5.0,10.0,5,0,0,1,6
1866,100,65,41,8.0,14.5,5,0,0,1,2
1867,140,81,50,7.0,12.0,10,1,1,0,8
1868,127,76,54,6.0,9.0,5,0,0,0,4
1869,112,76,40,11.0,12.7,7,0,0,1,5
1870,150,81,55,9.0,9.0,5,0,1,0,3
1871,98,65,44,7.0,11.5,15,1,0,1,6
1872,97,80,48,8.0,13.0,5,0,1,1,5
1873,170,78,51,9.0,10.5,10,1,1,1,3
1874,79,54,36,6.0,12.5,10,0,1,1,3
1875,169,84,62,10.0,6.5,1,1,0,1,2
1876,160,75,44,10.0,12.0,5,1,0,1,8
1877,117,79,45,13.0,14.5,7,0,0,1,3
1878,84,58,42,6.0,13.0,15,1,0,0,5
1879,98,72,44,7.0,11.5,7,1,1,0,6
1880,112,72,51,8.0,6.5,5,1,1,0,5
1881,140,83,47,9.0,10.5,5,0,1,1,3
1882,94,61,42,6.0,12.5,10,1,0,1,2
1883,130,81,48,9.0,13.5,10,0,0,1,6
1884,105,66,40,8.0,17.0,5,1,0,1,2
1885,165,82,54,10.0,6.0,5,1,1,1,6
1886,85,58,44,6.0,10.5,10,1,0,0,3
1887,90,60,45,5.0,10.5,10,0,0,1,3
1888,85,55,35,6.0,10.5,5,0,1,0,3
1889,160,69,47,8.0,3.0,10,1,1,1,1
1890,118,77,43,11.0,7.0,5,0,0,1,4
1891,101,59,44,6.0,17.0,10,1,0,1,4
1892,98,60,45,5.0,7.5,7,1,0,0,3
1893,137,70,45,8.0,10.5,10,1,1,1,3
1894,245,80,49,10.0,3.0,10,1,1,0,1
1895,145,80,49,11.0,12.5,10,0,0,1,3
1896,118,80,45,13.0,12.0,15,1,0,1,5
1897,115,68,46,8.0,13.5,10,1,0,1,1
1898,105,65,39,8.0,17.0,10,1,0,0,2
1899,123,74,44,12.0,9.0,7,0,0,1,4
1900,117,75,42,10.0,12.0,5,1,0,1,5
1901,91,62,38,7.0,13.5,7,0,0,0,6
1902,145,80,53,9.0,6.0,2,1,1,1,6
1903,130,72,45,10.0,11.5,10,1,0,0,6
1904,200,87,60,15.0,11.5,3,1,1,1,6
1905,100,76,45,10.0,12.0,15,0,0,1,7
1906,160,77,42,8.0,6.0,5,0,0,1,6
1907,95,65,46,7.0,12.5,15,1,0,1,2
1908,112,72,50,9.0,17.0,10,1,1,0,2
1909,105,72,52,8.0,6.0,15,0,1,1,6
1910,125,66,40,10.0,12.0,20,1,0,1,8
1911,200,77,46,10.0,3.0,15,1,1,1,1
1912,170,100,57,14.0,12.0,10,1,0,0,5
1913,115,79,46,10.0,12.7,10,1,0,1,5
1914,95,56,42,7.0,3.5,10,1,1,0,7
1915,99,65,40,8.0,12.5,10,1,0,1,2
1916,94,55,41,5.0,13.5,10,1,1,1,1
1917,105,78,45,10.0,13.0,10,0,0,1,5
1918,205,87,58,9.0,7.5,5,1,1,1,3
1919,90,62,46,8.0,14.5,15,0,0,1,3
1920,100,64,38,8.0,14.5,15,0,0,1,2
1921,83,53,34,6.0,12.5,15,1,0,1,2
1922,93,70,50,9.0,12.5,10,1,0,0,2
1923,96,63,45,6.0,12.5,10,1,0,1,2
1924,88,60,40,5.0,7.0,7,1,0,1,4
1925,150,68,46,9.0,12.0,5,1,1,1,8
1926,105,67,48,8.0,13.5,15,1,0,1,6
1927,110,79,46,10.0,13.0,5,1,0,1,5
1928,118,86,54,10.0,12.0,15,1,0,1,5
1929,171,90,63,10.0,10.5,3,1,0,1,3
1930,451,156,80,20.0,10.5,5,0,1,1,3
1931,78,64,39,8.0,7.0,10,0,0,1,5
1932,165,76,52,9.0,8.0,2,1,1,1,1
1933,87,61,42,9.0,13.5,10,1,0,1,6
1934,85,60,40,6.0,13.5,5,0,0,1,6
1935,130,75,44,10.0,12.5,5,1,0,1,2
1936,93,64,45,7.0,14.5,3,1,0,1,2
1937,95,55,42,5.0,10.5,5,0,1,1,3
1938,179,65,45,8.0,9.0,5,1,1,1,3
1939,73,51,34,6.0,12.0,7,1,0,0,5
1940,420,102,70,20.0,3.0,2,1,1,1,1
1941,230,85,58,13.0,3.0,5,1,0,1,1
1942,154,75,36,12.0,7.0,5,1,0,1,4
1943,121,79,45,13.0,12.0,7,1,0,1,1
1944,150,81,54,9.0,9.0,5,0,1,0,3
1945,268,121,60,16.0,7.5,5,1,0,1,3
1946,115,68,46,7.0,14.5,15,1,0,1,3
1947,86,60,44,6.0,13.5,10,0,0,1,1
1948,185,99,67,9.0,9.0,10,1,1,0,4
1949,105,66,40,8.0,12.5,5,1,0,1,2
1950,95,59,43,6.0,15.5,5,0,0,1,1
1951,119,78,53,8.0,10.5,10,1,1,0,7
1952,160,68,44,8.0,17.0,5,1,0,1,2
1953,81,56,37,6.0,11.5,5,1,0,1,6
1954,133,65,47,8.0,12.5,5,1,0,1,3
1955,90,61,43,6.0,12.5,3,1,0,1,2
1956,148,90,55,8.0,13.5,7,0,1,0,1
1957,102,58,38,6.0,15.5,8,1,0,1,1
1958,265,136,88,14.0,10.5,10,1,1,1,3
1959,93,61,45,6.0,14.5,10,1,0,1,3
1960,103,74,43,10.0,13.0,7,0,0,1,5
1961,240,92,57,12.0,6.5,12,1,1,1,2
1962,92,59,38,6.0,15.5,10,1,0,1,1
1963,215,90,61,9.0,9.0,1,1,1,1,3
1964,117,61,44,6.0,4.5,5,1,1,1,8
1965,115,65,39,9.0,12.5,3,1,0,0,2
1966,185,68,47,8.0,4.5,5,1,1,1,8
1967,110,63,38,8.0,17.0,10,1,0,1,2
1968,120,80,45,9.0,12.7,15,1,0,1,5
1969,170,86,59,10.0,17.0,10,0,1,1,2
1970,114,77,45,10.0,12.0,10,0,0,1,7
1971,81,60,46,6.0,14.5,15,0,0,0,3
1972,104,73,44,10.0,13.0,5,0,0,1,5
1973,135,105,58,21.0,13.5,15,1,1,1,1
1974,79,59,43,6.0,12.0,10,0,0,0,7
1975,115,81,50,8.0,13.0,10,1,0,1,5
1976,91,78,45,10.0,17.0,10,1,0,1,4
1977,79,50,34,6.0,14.5,5,0,0,1,3
1978,136,78,45,10.0,12.0,10,1,0,0,1
1979,95,72,43,12.0,12.7,10,0,0,0,5
1980,78,56,38,6.0,13.5,5,0,0,0,6
1981,122,96,54,12.0,13.5,10,0,0,0,6
1982,142,70,45,9.0,3.5,3,1,0,1,7
1983,110,60,45,6.0,12.0,5,1,0,1,8
1984,103,74,45,9.0,13.0,10,1,0,1,5
1985,88,72,51,9.0,11.5,10,0,1,1,6
1986,105,60,43,6.0,17.0,5,1,0,1,4
1987,120,79,44,10.0,13.0,3,1,0,1,5
1988,150,74,48,12.0,12.0,5,1,0,1,8
1989,93,70,40,10.0,12.0,10,1,0,0,5
1990,125,75,45,10.0,13.5,10,0,0,1,6
1991,130,78,58,10.0,14.5,15,0,0,1,3
1992,120,80,45,13.0,12.0,15,1,0,1,5
1993,104,67,44,10.0,11.5,8,1,0,1,6
1994,105,67,45,9.0,12.0,7,0,0,1,7
1995,119,75,46,10.0,12.0,7,0,0,0,7
1996,99,57,42,6.0,12.0,10,1,1,1,8
1997,95,56,39,5.0,9.0,7,1,1,1,4
1998,89,60,42,6.0,12.0,7,0,0,1,8
1999,160,77,45,10.0,12.0,15,1,0,1,8
2000,90,60,42,6.0,17.0,3,1,0,1,2
2001,145,75,53,9.0,8.0,15,1,1,1,1
2002,155,60,40,11.0,7.5,5,1,1,1,3
2003,108,80,48,8.0,12.0,10,0,0,1,7
2004,115,76,45,10.0,12.7,5,0,0,1,5
2005,116,75,42,9.0,13.5,10,0,0,1,6
2006,151,111,64,16.0,14.5,10,0,1,1,3
2007,99,74,44,10.0,12.0,10,0,0,0,7
2008,96,60,45,6.0,12.0,5,0,0,1,7
2009,180,85,55,10.0,10.5,5,1,1,1,3
2010,126,64,44,7.0,8.0,2,1,0,0,1
2011,143,75,54,10.0,6.5,7,1,1,1,2
2012,370,111,60,13.0,8.0,5,1,1,1,1
2013,121,77,46,10.0,12.5,10,1,0,1,2
2014,150,75,51,8.0,12.0,15,1,0,0,8
2015,169,77,52,8.0,7.0,3,1,1,1,4
2016,125,74,46,8.5,12.0,5,1,0,1,5
2017,119,77,45,10.0,13.0,10,0,0,1,5
2018,145,75,46,10.0,9.0,15,1,0,1,4
2019,84,60,43,6.0,14.5,5,0,0,1,3
2020,98,68,44,8.0,10.5,10,1,0,1,7
2021,92,85,53,10.0,12.0,15,1,1,0,5
2022,81,60,44,6.0,13.5,10,0,0,1,1
2023,104,80,45,13.0,13.0,5,0,0,1,5
2024,130,75,45,8.0,11.0,10,1,1,1,8
2025,110,76,45,10.0,12.0,5,1,0,1,5
2026,72,50,34,7.0,17.0,10,1,0,1,4
2027,95,74,45,8.0,14.5,5,0,1,0,2
2028,95,64,45,7.0,17.0,5,1,0,1,2
2029,114,73,44,10.0,13.5,10,0,0,0,6
2030,129,64,39,9.0,13.5,5,0,0,1,1
2031,97,63,44,7.0,11.5,5,1,0,0,6
2032,97,72,43,10.0,12.7,10,0,0,1,5
2033,180,79,45,10.0,8.0,15,1,0,1,1
2034,110,77,47,10.0,13.0,10,1,0,1,5
2035,110,77,45,10.0,12.0,5,0,0,1,5
2036,95,60,43,6.0,9.0,5,0,0,1,4
2037,95,60,46,5.0,10.5,5,1,0,1,7
2038,129,76,48,10.0,12.5,5,0,0,1,3
2039,103,64,45,7.0,15.5,5,1,0,1,1
